SV5998,T524,O1012,0/0/0,CNTT,KHMT,TGMT,KTPM,HTTT,MMT&VT,CNTT,0,7.71429,7.65333
SV8955,O7824,U2582,0/0/0,CNTT,KTPM,KHMT,HTTT,TGMT,MMT&VT,CNTT,0,7.33333,7.07258
SV6578,T926,O6831,0/0/0,CNTT,KHMT,HTTT,TGMT,KTPM,MMT&VT,CNTT,0,7.28571,7.9527
SV9149,S6196,L4775,0/0/0,CNTT,TGMT,KHMT,HTTT,KTPM,MMT&VT,CNTT,0,7.21429,7.43056
SV9351,M400,U7703,0/0/0,KTPM,CNTT,KHMT,HTTT,MMT&VT,TGMT,CNTT,1,7.21429,6.79861
SV2541,M454,U249,0/0/0,CNTT,KHMT,HTTT,KTPM,MMT&VT,TGMT,CNTT,0,7.07143,7.21429
SV3658,M7970,M6144,0/0/0,CNTT,MMT&VT,KHMT,TGMT,HTTT,KTPM,CNTT,0,6.92857,7.22078
SV8678,S2590,M4698,0/0/0,KTPM,CNTT,KHMT,MMT&VT,HTTT,TGMT,CNTT,1,6.92857,6.91045
SV2792,S8116,L9731,0/0/0,CNTT,HTTT,TGMT,KHMT,MMT&VT,KTPM,CNTT,0,6.92857,6.89583
SV9177,U3438,O7663,0/0/0,CNTT,MMT&VT,HTTT,TGMT,KTPM,KHMT,CNTT,0,6.92857,6.76316
SV7634,M1296,C5221,0/0/0,CNTT,TGMT,KHMT,HTTT,KTPM,MMT&VT,CNTT,0,6.75,6.71111
SV4780,T4540,V7326,0/0/0,KTPM,CNTT,HTTT,MMT&VT,TGMT,KHMT,CNTT,1,6.71429,6.40278
SV9009,G6170,E3858,0/0/0,KTPM,CNTT,TGMT,MMT&VT,HTTT,KHMT,CNTT,1,6.64286,6.77778
SV1894,K914,L9430,0/0/0,CNTT,TGMT,HTTT,KHMT,MMT&VT,KTPM,CNTT,0,6.4,6.37037
SV8291,O2120,N759,0/0/0,CNTT,TGMT,HTTT,KTPM,MMT&VT,KHMT,CNTT,0,6.35714,5.61719
SV8506,J5670,R9496,0/0/0,KTPM,CNTT,TGMT,KHMT,HTTT,MMT&VT,CNTT,1,6.21429,6.74627
SV4359,M9202,N652,0/0/0,KHMT,CNTT,HTTT,TGMT,KTPM,MMT&VT,CNTT,1,6.14286,6.75325
SV8796,M9096,W6807,0/0/0,KHMT,CNTT,KTPM,TGMT,HTTT,MMT&VT,CNTT,1,6.14286,6.5625
SV9317,K3906,U7540,0/0/0,KTPM,KHMT,CNTT,TGMT,HTTT,MMT&VT,CNTT,2,6.07143,6.92361
SV57,M2760,Q9189,0/0/0,KHMT,KTPM,CNTT,TGMT,MMT&VT,HTTT,CNTT,2,6,6.46512
SV764,C3136,O1078,0/0/0,KHMT,CNTT,TGMT,KTPM,HTTT,MMT&VT,CNTT,1,5.91667,7.2
SV6022,M5716,R7797,0/0/0,KHMT,CNTT,HTTT,MMT&VT,KTPM,TGMT,CNTT,1,5.78571,6.17361
SV7256,M496,U6573,0/0/0,KTPM,CNTT,KHMT,TGMT,HTTT,MMT&VT,CNTT,1,5.64286,7.04348
SV6064,M1420,L6767,0/0/0,KHMT,KTPM,CNTT,TGMT,MMT&VT,HTTT,CNTT,2,5.57143,5.68243
SV4600,U1192,I2703,0/0/0,HTTT,CNTT,TGMT,KHMT,KTPM,MMT&VT,CNTT,1,5.35714,5.53472
SV9841,M340,C9272,0/0/0,CNTT,KHMT,TGMT,HTTT,KTPM,MMT&VT,CNTT,0,5.28571,6.53896
SV2289,M6812,U6537,0/0/0,KTPM,CNTT,HTTT,KHMT,TGMT,MMT&VT,CNTT,1,5.28571,6.40972
SV3323,K2446,O8768,0/0/0,HTTT,KHMT,CNTT,TGMT,KTPM,MMT&VT,CNTT,2,5.28571,6.02143
SV4975,S2228,L1973,0/0/0,CNTT,TGMT,KHMT,HTTT,KTPM,MMT&VT,CNTT,0,5,4.99254
SV8372,M8732,I7778,0/0/0,KHMT,CNTT,TGMT,HTTT,KTPM,MMT&VT,CNTT,1,5,4.93103
SV6602,S14,U5594,0/0/0,KTPM,HTTT,CNTT,TGMT,MMT&VT,KHMT,CNTT,2,4.92857,5.48507
SV8817,M6196,U64,0/0/0,CNTT,TGMT,KHMT,KTPM,MMT&VT,HTTT,CNTT,0,4.92857,5.36429
SV5377,M6950,W8836,0/0/0,KHMT,CNTT,HTTT,MMT&VT,TGMT,KTPM,CNTT,1,4.85714,6.47917
SV8808,M2760,W1583,0/0/0,HTTT,CNTT,KHMT,TGMT,KTPM,MMT&VT,CNTT,1,4.75,5.03521
SV6823,S742,U7389,0/0/0,KHMT,CNTT,KTPM,HTTT,TGMT,MMT&VT,CNTT,1,4.57143,5.18919
SV1445,M9930,V2787,0/0/0,KTPM,HTTT,KHMT,CNTT,TGMT,MMT&VT,CNTT,3,3.77778,3.58594
SV727,P412,I2824,0/0/0,KHMT,CNTT,TGMT,KTPM,MMT&VT,HTTT,CNTT,1,2.57143,4.25373
SV2849,U2564,N9629,0/0/0,KTPM,HTTT,KHMT,CNTT,TGMT,MMT&VT,CNTT,3,2.51852,3.24219
SV8007,M7970,M6055,0/0/0,KHMT,CNTT,TGMT,HTTT,MMT&VT,KTPM,CNTT,1,1.14286,2.17647
SV7146,S7854,V1687,0/0/0,KTPM,KHMT,CNTT,TGMT,HTTT,MMT&VT,CNTT,2,0,8
SV1865,S7922,I790,0/0/0,HTTT,KHMT,KTPM,TGMT,CNTT,MMT&VT,HTTT,0,8.14286,7.85714
SV7435,M9202,I1200,0/0/0,HTTT,CNTT,TGMT,KHMT,MMT&VT,KTPM,HTTT,0,8.1,7.65789
SV5633,M7664,U8486,0/0/0,HTTT,KTPM,KHMT,TGMT,MMT&VT,CNTT,HTTT,0,7.92857,8.31944
SV525,M9202,I4484,0/0/0,HTTT,KTPM,KHMT,CNTT,TGMT,MMT&VT,HTTT,0,7.85714,8.03472
SV3840,M5004,E6124,0/0/0,HTTT,CNTT,TGMT,KTPM,MMT&VT,KHMT,HTTT,0,7.71429,7.81343
SV8374,K3412,O7816,0/0/0,HTTT,CNTT,KHMT,KTPM,TGMT,MMT&VT,HTTT,0,7.5,7.8125
SV6707,L5582,I4801,0/0/0,HTTT,KTPM,CNTT,TGMT,KHMT,MMT&VT,HTTT,0,7.5,7.46429
SV7432,M5470,V4143,0/0/0,HTTT,KTPM,MMT&VT,KHMT,CNTT,TGMT,HTTT,0,7.45161,7.13158
SV6812,M470,I1464,0/0/0,HTTT,KHMT,CNTT,TGMT,MMT&VT,KTPM,HTTT,0,7.35714,8.20139
SV4768,K6874,U9466,0/0/0,HTTT,KHMT,CNTT,TGMT,MMT&VT,KTPM,HTTT,0,7.35714,7.71429
SV8967,M4340,Q3488,0/0/0,HTTT,KHMT,TGMT,CNTT,KTPM,MMT&VT,HTTT,0,7.28571,7.74306
SV6780,S9456,I2679,0/0/0,HTTT,KHMT,CNTT,TGMT,KTPM,MMT&VT,HTTT,0,7.28571,7.70714
SV5611,O2490,U5098,0/0/0,KTPM,HTTT,KHMT,CNTT,TGMT,MMT&VT,HTTT,1,7.28571,7.38194
SV3197,K6288,C9047,0/0/0,HTTT,KTPM,CNTT,TGMT,KHMT,MMT&VT,HTTT,0,7.28571,7.31343
SV43,M3552,U1043,0/0/0,KTPM,HTTT,KHMT,CNTT,TGMT,MMT&VT,HTTT,1,7.28571,7.23611
SV541,M6358,I3062,0/0/0,KTPM,HTTT,KHMT,MMT&VT,CNTT,TGMT,HTTT,1,7.28571,7.03472
SV8034,S994,I4022,0/0/0,KTPM,HTTT,KHMT,CNTT,MMT&VT,TGMT,HTTT,1,7.25,7.23611
SV1917,M474,U4253,0/0/0,HTTT,KHMT,KTPM,CNTT,TGMT,MMT&VT,HTTT,0,7.21429,7.57639
SV2039,O1382,Q3555,0/0/0,HTTT,KTPM,KHMT,TGMT,CNTT,MMT&VT,HTTT,0,7.21429,7.37162
SV8016,K9048,V217,0/0/0,KTPM,HTTT,TGMT,CNTT,MMT&VT,KHMT,HTTT,1,7.21429,7.34028
SV3374,K7914,V6717,0/0/0,KTPM,HTTT,TGMT,KHMT,MMT&VT,CNTT,HTTT,1,7.21429,7.23188
SV2501,O810,E9782,0/0/0,KTPM,HTTT,KHMT,CNTT,MMT&VT,TGMT,HTTT,1,7.21429,7.11111
SV7447,G7158,M9297,0/0/0,KTPM,HTTT,KHMT,MMT&VT,CNTT,TGMT,HTTT,1,7.21429,6.92568
SV1324,O7692,B8973,0/0/0,KTPM,HTTT,KHMT,CNTT,TGMT,MMT&VT,HTTT,1,7.14286,7.45833
SV8948,M8396,U9567,0/0/0,KTPM,HTTT,KHMT,MMT&VT,CNTT,TGMT,HTTT,1,7.14286,6.55556
SV1988,S7724,U9846,0/0/0,KTPM,HTTT,KHMT,TGMT,CNTT,MMT&VT,HTTT,1,7.07143,7.97857
SV7185,K3616,U4723,0/0/0,KTPM,HTTT,CNTT,KHMT,MMT&VT,TGMT,HTTT,1,7.07143,7.35333
SV9571,M3820,O3505,0/0/0,HTTT,KTPM,KHMT,CNTT,TGMT,MMT&VT,HTTT,0,7.07143,7.12338
SV8426,G5696,U3073,0/0/0,KTPM,HTTT,KHMT,CNTT,MMT&VT,TGMT,HTTT,1,7,8.23913
SV3200,M9202,I4443,0/0/0,KTPM,HTTT,KHMT,CNTT,MMT&VT,TGMT,HTTT,1,7,7.1
SV8065,M9668,N8181,0/0/0,KTPM,HTTT,CNTT,TGMT,MMT&VT,KHMT,HTTT,1,7,6.95833
SV3095,M6834,U7684,0/0/0,KTPM,HTTT,KHMT,CNTT,TGMT,MMT&VT,HTTT,1,7,6.91429
SV7853,M66,E8481,0/0/0,HTTT,KTPM,KHMT,CNTT,TGMT,MMT&VT,HTTT,0,6.92857,7.32639
SV9694,M184,W3943,0/0/0,KTPM,HTTT,KHMT,MMT&VT,CNTT,TGMT,HTTT,1,6.92857,7.26
SV2156,O9426,Q7862,0/0/0,KTPM,HTTT,MMT&VT,KHMT,CNTT,TGMT,HTTT,1,6.92857,7.16667
SV763,K3872,O5194,0/0/0,KTPM,HTTT,KHMT,MMT&VT,CNTT,TGMT,HTTT,1,6.92857,6.73913
SV2544,G6190,U2727,0/0/0,KTPM,HTTT,KHMT,CNTT,MMT&VT,TGMT,HTTT,1,6.78571,7.72917
SV7171,U1388,O8663,0/0/0,KTPM,HTTT,MMT&VT,KHMT,CNTT,TGMT,HTTT,1,6.78571,7.49306
SV9351,K5772,L7207,0/0/0,KTPM,HTTT,KHMT,MMT&VT,TGMT,CNTT,HTTT,1,6.78571,6.93056
SV9831,O4834,U9798,0/0/0,KTPM,HTTT,KHMT,CNTT,TGMT,MMT&VT,HTTT,1,6.71429,6.75
SV2352,O504,I129,0/0/0,HTTT,CNTT,KHMT,KTPM,TGMT,MMT&VT,HTTT,0,6.71429,6.52667
SV9907,C7510,M9473,0/0/0,HTTT,KTPM,KHMT,MMT&VT,CNTT,TGMT,HTTT,0,6.64286,7.38889
SV537,K8584,U9922,0/0/0,HTTT,TGMT,KHMT,MMT&VT,CNTT,KTPM,HTTT,0,6.64286,7.35714
SV2630,M2244,I5999,0/0/0,HTTT,KTPM,KHMT,TGMT,CNTT,MMT&VT,HTTT,0,6.64286,7.34783
SV8971,T6956,U7929,0/0/0,KTPM,HTTT,KHMT,CNTT,TGMT,MMT&VT,HTTT,1,6.64286,7.04861
SV4266,U8652,T8904,0/0/0,HTTT,KHMT,KTPM,CNTT,TGMT,MMT&VT,HTTT,0,6.64286,6.89583
SV7396,O1642,V9472,0/0/0,KTPM,HTTT,KHMT,TGMT,CNTT,MMT&VT,HTTT,1,6.64286,6.875
SV4389,S9252,L3947,0/0/0,KTPM,HTTT,KHMT,CNTT,MMT&VT,TGMT,HTTT,1,6.64286,6.67164
SV1101,O1008,V3305,0/0/0,KTPM,HTTT,CNTT,MMT&VT,TGMT,KHMT,HTTT,1,6.64286,6.64865
SV719,M6358,U5875,0/0/0,HTTT,MMT&VT,TGMT,CNTT,KTPM,KHMT,HTTT,0,6.64286,6.52143
SV1837,S6196,U4819,0/0/0,KTPM,HTTT,CNTT,MMT&VT,TGMT,KHMT,HTTT,1,6.6,6.5814
SV6189,S102,U3672,0/0/0,KTPM,HTTT,KHMT,CNTT,MMT&VT,TGMT,HTTT,1,6.57143,7.16429
SV3218,B1980,Q8001,0/0/0,KTPM,HTTT,KHMT,CNTT,TGMT,MMT&VT,HTTT,1,6.57143,6.9375
SV6570,G4352,U9679,0/0/0,KTPM,HTTT,KHMT,CNTT,TGMT,MMT&VT,HTTT,1,6.57143,6.44444
SV4096,S5108,M1098,0/0/0,KHMT,HTTT,CNTT,KTPM,TGMT,MMT&VT,HTTT,1,6.5,7.52857
SV6391,K7534,T1993,0/0/0,KTPM,KHMT,HTTT,CNTT,TGMT,MMT&VT,HTTT,2,6.5,7.34028
SV120,M5488,U3626,0/0/0,HTTT,MMT&VT,CNTT,KHMT,TGMT,KTPM,HTTT,0,6.42857,7.33571
SV2256,M2052,M9429,0/0/0,HTTT,KHMT,MMT&VT,TGMT,KTPM,CNTT,HTTT,0,6.42857,7.15714
SV2527,T6990,U6410,0/0/0,HTTT,CNTT,KTPM,KHMT,TGMT,MMT&VT,HTTT,0,6.42857,7.0597
SV4325,M9680,E5758,0/0/0,KHMT,HTTT,TGMT,CNTT,KTPM,MMT&VT,HTTT,1,6.42857,6.57971
SV6768,O8688,Q8845,0/0/0,KTPM,HTTT,KHMT,MMT&VT,TGMT,CNTT,HTTT,1,6.42857,6.10417
SV4514,J9220,V3770,0/0/0,HTTT,MMT&VT,KHMT,TGMT,CNTT,KTPM,HTTT,0,6.35714,6.91429
SV900,M7820,U9615,0/0/0,KHMT,KTPM,HTTT,MMT&VT,CNTT,TGMT,HTTT,2,6.35714,6.90972
SV9660,G5526,T8693,0/0/0,HTTT,MMT&VT,KHMT,TGMT,CNTT,KTPM,HTTT,0,6.35714,6.80597
SV5815,M9202,Q9987,0/0/0,KTPM,KHMT,HTTT,TGMT,CNTT,MMT&VT,HTTT,2,6.28571,7.32857
SV9273,O434,C9790,0/0/0,KTPM,HTTT,KHMT,CNTT,MMT&VT,TGMT,HTTT,1,6.28571,7.1
SV7652,M7128,O3982,0/0/0,KTPM,KHMT,HTTT,CNTT,MMT&VT,TGMT,HTTT,2,6.28571,6.18841
SV8443,O3824,I5093,0/0/0,KTPM,HTTT,KHMT,MMT&VT,TGMT,CNTT,HTTT,1,6.25,7.2
SV8833,T4180,U2893,0/0/0,KHMT,HTTT,CNTT,KTPM,TGMT,MMT&VT,HTTT,1,6.25,6.71569
SV1188,M2266,R4720,0/0/0,KTPM,KHMT,HTTT,MMT&VT,CNTT,TGMT,HTTT,2,6.21429,6.75694
SV8779,G6750,I9175,0/0/0,KTPM,HTTT,KHMT,MMT&VT,CNTT,TGMT,HTTT,1,6.21429,6.21233
SV4625,S7724,W9414,0/0/0,HTTT,KHMT,CNTT,TGMT,MMT&VT,KTPM,HTTT,0,6.14286,7.03472
SV2066,O4816,L8081,0/0/0,HTTT,KTPM,CNTT,KHMT,TGMT,MMT&VT,HTTT,0,6.14286,6.67361
SV1941,O3824,L4156,0/0/0,KTPM,KHMT,HTTT,TGMT,CNTT,MMT&VT,HTTT,2,6.14286,6.33333
SV1414,G7118,U9055,0/0/0,HTTT,KTPM,MMT&VT,TGMT,KHMT,CNTT,HTTT,0,6.07143,6.57639
SV1257,K2104,M1841,0/0/0,HTTT,TGMT,KTPM,CNTT,KHMT,MMT&VT,HTTT,0,6.07143,6.30714
SV7884,G886,U6594,0/0/0,KHMT,KTPM,HTTT,TGMT,MMT&VT,CNTT,HTTT,2,5.92857,6.29333
SV4154,M9426,B943,0/0/0,KHMT,KTPM,HTTT,MMT&VT,TGMT,CNTT,HTTT,2,5.75,6.52
SV9370,T7724,O7541,0/0/0,KTPM,HTTT,TGMT,MMT&VT,KHMT,CNTT,HTTT,1,5.71429,6.96528
SV7178,@2854,L9428,0/0/0,KHMT,HTTT,CNTT,KTPM,TGMT,MMT&VT,HTTT,1,5.71429,6.27206
SV8277,K4934,M3185,0/0/0,KTPM,HTTT,MMT&VT,KHMT,TGMT,CNTT,HTTT,1,5.71429,6.17143
SV2523,U3120,M4963,0/0/0,KHMT,HTTT,CNTT,KTPM,MMT&VT,TGMT,HTTT,1,5.7,4.975
SV7744,T3140,I4751,0/0/0,HTTT,MMT&VT,CNTT,KHMT,TGMT,KTPM,HTTT,0,5.64286,6.38194
SV3580,M9202,U8905,0/0/0,HTTT,KHMT,MMT&VT,TGMT,CNTT,KTPM,HTTT,0,5.64286,5.01493
SV3055,S2394,D1556,0/0/0,HTTT,KTPM,KHMT,TGMT,CNTT,MMT&VT,HTTT,0,5.625,6.52885
SV4778,M9870,O7262,0/0/0,HTTT,KHMT,MMT&VT,CNTT,TGMT,KTPM,HTTT,0,5.58333,5.83019
SV7082,M9090,T7170,0/0/0,KHMT,HTTT,CNTT,KTPM,TGMT,MMT&VT,HTTT,1,5.57143,6.22917
SV7719,O6122,I4020,0/0/0,KTPM,KHMT,HTTT,MMT&VT,CNTT,TGMT,HTTT,2,5.57143,6.14925
SV3843,S2228,I3971,0/0/0,KTPM,HTTT,KHMT,CNTT,TGMT,MMT&VT,HTTT,1,5.57143,6.04286
SV7467,S286,U8058,0/0/0,HTTT,KTPM,KHMT,CNTT,MMT&VT,TGMT,HTTT,0,5.57143,5.53676
SV9724,U2482,Q3252,0/0/0,KTPM,KHMT,HTTT,MMT&VT,TGMT,CNTT,HTTT,2,5.53226,6.08571
SV821,K1230,U637,0/0/0,HTTT,KTPM,TGMT,MMT&VT,KHMT,CNTT,HTTT,0,5.5,7.34146
SV8996,S286,U8707,0/0/0,HTTT,CNTT,TGMT,KHMT,MMT&VT,KTPM,HTTT,0,5.5,6.40476
SV8150,T6458,I5641,0/0/0,KTPM,HTTT,TGMT,KHMT,CNTT,MMT&VT,HTTT,1,5.5,6.26866
SV8156,M468,M5952,0/0/0,KTPM,HTTT,CNTT,KHMT,TGMT,MMT&VT,HTTT,1,5.5,6
SV3523,M4994,U8087,0/0/0,KHMT,TGMT,CNTT,KTPM,HTTT,MMT&VT,KHMT,0,9.07143,8.72222
SV7865,O9872,U7583,0/0/0,KHMT,TGMT,CNTT,KTPM,HTTT,MMT&VT,KHMT,0,8.85714,8.79286
SV3933,O1568,N483,0/0/0,KHMT,CNTT,TGMT,HTTT,MMT&VT,KTPM,KHMT,0,8.71429,8.54861
SV171,S5306,Q4664,0/0/0,KHMT,KTPM,HTTT,TGMT,CNTT,MMT&VT,KHMT,0,8.71429,8.46528
SV9747,B44,D381,0/0/0,KHMT,TGMT,CNTT,HTTT,KTPM,MMT&VT,KHMT,0,8.57143,8.63433
SV3869,M6358,U118,0/0/0,KHMT,TGMT,CNTT,HTTT,MMT&VT,KTPM,KHMT,0,8.42857,8.5
SV5421,A2284,O2004,0/0/0,KHMT,TGMT,KTPM,CNTT,HTTT,MMT&VT,KHMT,0,8.375,7.475
SV2609,T4236,U5318,0/0/0,KHMT,TGMT,HTTT,CNTT,KTPM,MMT&VT,KHMT,0,8.35714,8.40278
SV9242,C5340,O2180,0/0/0,KHMT,KTPM,TGMT,CNTT,HTTT,MMT&VT,KHMT,0,8.35714,8.23611
SV7020,B9812,I6735,0/0/0,KHMT,TGMT,CNTT,KTPM,HTTT,MMT&VT,KHMT,0,8.35714,8.17647
SV3232,O9912,I9691,0/0/0,KHMT,TGMT,CNTT,HTTT,KTPM,MMT&VT,KHMT,0,8.3,8.0125
SV9800,S1334,L7755,0/0/0,KHMT,TGMT,KTPM,HTTT,MMT&VT,CNTT,KHMT,0,8.28571,8.38571
SV9559,G6192,O3339,0/0/0,KHMT,KTPM,TGMT,CNTT,HTTT,MMT&VT,KHMT,0,8.28571,8.35417
SV9770,T4178,R3750,0/0/0,KHMT,KTPM,CNTT,TGMT,HTTT,MMT&VT,KHMT,0,8.28571,8.33333
SV5299,M6404,I2459,0/0/0,KHMT,TGMT,CNTT,MMT&VT,HTTT,KTPM,KHMT,0,8.28571,8.32639
SV2534,G9480,E6865,0/0/0,KHMT,KTPM,TGMT,HTTT,CNTT,MMT&VT,KHMT,0,8.28571,8.14286
SV1826,K2098,V3094,0/0/0,KHMT,TGMT,CNTT,HTTT,KTPM,MMT&VT,KHMT,0,8.21429,8.25
SV9749,O2228,R9969,0/0/0,KHMT,KTPM,TGMT,CNTT,HTTT,MMT&VT,KHMT,0,8.07143,8.5
SV7477,M210,L9426,0/0/0,KHMT,KTPM,CNTT,TGMT,HTTT,MMT&VT,KHMT,0,8,8.66129
SV9196,K3768,O655,0/0/0,KHMT,HTTT,CNTT,KTPM,TGMT,MMT&VT,KHMT,0,8,8.27778
SV7312,O1882,I6322,0/0/0,KHMT,KTPM,CNTT,HTTT,TGMT,MMT&VT,KHMT,0,8,8
SV3097,O6770,W884,0/0/0,KHMT,TGMT,CNTT,KTPM,HTTT,MMT&VT,KHMT,0,8,7.93421
SV6025,M6020,I7893,0/0/0,KHMT,TGMT,CNTT,MMT&VT,HTTT,KTPM,KHMT,0,8,7.80597
SV9985,S2068,V1090,0/0/0,KHMT,TGMT,CNTT,KTPM,HTTT,MMT&VT,KHMT,0,8,7.625
SV8189,M706,L2578,0/0/0,KHMT,HTTT,KTPM,CNTT,TGMT,MMT&VT,KHMT,0,8,7.35714
SV2958,S264,C9705,0/0/0,KHMT,CNTT,TGMT,HTTT,KTPM,MMT&VT,KHMT,0,7.9,8.14773
SV8351,K7838,O514,0/0/0,KHMT,TGMT,CNTT,KTPM,MMT&VT,HTTT,KHMT,0,7.85714,8
SV3851,M3530,T7695,0/0/0,KHMT,CNTT,TGMT,HTTT,KTPM,MMT&VT,KHMT,0,7.85714,7.16875
SV9,M3842,Q8718,0/0/0,KHMT,KTPM,TGMT,CNTT,HTTT,MMT&VT,KHMT,0,7.78571,7.65278
SV9887,O4816,T6993,0/0/0,KHMT,HTTT,CNTT,TGMT,MMT&VT,KTPM,KHMT,0,7.71429,8.27778
SV3873,M7296,M9366,0/0/0,KHMT,TGMT,CNTT,MMT&VT,HTTT,KTPM,KHMT,0,7.71429,8.15972
SV8019,M9388,M1853,0/0/0,KHMT,KTPM,HTTT,CNTT,TGMT,MMT&VT,KHMT,0,7.71429,7.77083
SV157,M4014,U8855,0/0/0,KHMT,KTPM,TGMT,CNTT,HTTT,MMT&VT,KHMT,0,7.71429,7.29286
SV1719,M9202,I9323,0/0/0,KHMT,KTPM,CNTT,TGMT,HTTT,MMT&VT,KHMT,0,7.64286,7.75325
SV1916,K668,R3557,0/0/0,KHMT,HTTT,KTPM,CNTT,TGMT,MMT&VT,KHMT,0,7.57143,8
SV1777,M9540,Q8830,0/0/0,KHMT,TGMT,CNTT,KTPM,HTTT,MMT&VT,KHMT,0,7.57143,7.94928
SV5295,S1664,R9365,0/0/0,KHMT,HTTT,KTPM,TGMT,MMT&VT,CNTT,KHMT,0,7.57143,7.45714
SV7043,U4846,M8141,0/0/0,KHMT,KTPM,TGMT,CNTT,HTTT,MMT&VT,KHMT,0,7.57143,7.09028
SV6274,U8664,D5668,0/0/0,KHMT,KTPM,CNTT,HTTT,TGMT,MMT&VT,KHMT,0,7.5,7.81944
SV87,S7854,O5522,0/0/0,KHMT,TGMT,KTPM,CNTT,MMT&VT,HTTT,KHMT,0,7.42857,7.38889
SV8046,T1276,U863,0/0/0,KHMT,HTTT,CNTT,KTPM,MMT&VT,TGMT,KHMT,0,7.35714,7.70833
SV7466,O6064,Y1125,0/0/0,KHMT,KTPM,TGMT,CNTT,HTTT,MMT&VT,KHMT,0,7.28571,7.93056
SV4129,G8900,U9423,0/0/0,KTPM,KHMT,CNTT,HTTT,TGMT,MMT&VT,KHMT,1,7.28571,7.09028
SV4586,M5626,O6053,0/0/0,KTPM,KHMT,HTTT,TGMT,MMT&VT,CNTT,KHMT,1,7.25,7.86029
SV3928,S5306,U8240,0/0/0,KHMT,HTTT,TGMT,CNTT,MMT&VT,KTPM,KHMT,0,7.21429,7.61688
SV8860,M7970,I814,0/0/0,KHMT,CNTT,KTPM,HTTT,TGMT,MMT&VT,KHMT,0,7.21429,7.50714
SV8221,G6438,U3241,0/0/0,KHMT,MMT&VT,HTTT,TGMT,CNTT,KTPM,KHMT,0,7.21429,7.41045
SV3510,M5808,U9229,0/0/0,KHMT,CNTT,KTPM,TGMT,HTTT,MMT&VT,KHMT,0,7.14286,7.46377
SV1165,U4260,I3959,0/0/0,KHMT,HTTT,CNTT,KTPM,TGMT,MMT&VT,KHMT,0,7.14286,7.28571
SV9269,M400,M4718,0/0/0,KTPM,KHMT,HTTT,CNTT,TGMT,MMT&VT,KHMT,1,7.14286,7.03623
SV624,A468,U5459,0/0/0,KTPM,KHMT,HTTT,TGMT,CNTT,MMT&VT,KHMT,1,7.14286,6.88961
SV3394,O7692,W9753,0/0/0,KTPM,KHMT,HTTT,MMT&VT,CNTT,TGMT,KHMT,1,7.14286,6.77083
SV4543,A4126,V3121,0/0/0,KTPM,KHMT,HTTT,TGMT,MMT&VT,CNTT,KHMT,1,7.07143,7.55714
SV7158,L1456,O9407,0/0/0,KHMT,KTPM,CNTT,TGMT,MMT&VT,HTTT,KHMT,0,7.07143,7.26
SV8231,T6064,L8705,0/0/0,KTPM,KHMT,CNTT,TGMT,HTTT,MMT&VT,KHMT,1,7.07143,7.18056
SV2011,M7798,N5000,0/0/0,KHMT,HTTT,CNTT,KTPM,TGMT,MMT&VT,KHMT,0,7.07143,7.13194
SV7934,T6730,U5773,0/0/0,KHMT,KTPM,CNTT,HTTT,TGMT,MMT&VT,KHMT,0,7.07143,7.08571
SV1770,A7232,O943,0/0/0,KTPM,KHMT,MMT&VT,TGMT,HTTT,CNTT,KHMT,1,7,7.28125
SV2364,K136,M3671,0/0/0,KTPM,KHMT,CNTT,HTTT,TGMT,MMT&VT,KHMT,1,7,7.2625
SV1705,M7758,W8223,0/0/0,KHMT,HTTT,CNTT,KTPM,TGMT,MMT&VT,KHMT,0,7,7.25333
SV9373,M8844,E5195,0/0/0,KTPM,KHMT,CNTT,TGMT,MMT&VT,HTTT,KHMT,1,7,7.13194
SV1253,M3172,Q8597,0/0/0,KTPM,KHMT,HTTT,MMT&VT,CNTT,TGMT,KHMT,1,7,7.09259
SV3934,C9362,T4259,0/0/0,KHMT,TGMT,MMT&VT,CNTT,KTPM,HTTT,KHMT,0,7,7
SV2260,M7512,I4383,0/0/0,KTPM,KHMT,HTTT,TGMT,CNTT,MMT&VT,KHMT,1,7,6.95833
SV583,U5938,V14,0/0/0,KTPM,KHMT,HTTT,TGMT,CNTT,MMT&VT,KHMT,1,7,6.73134
SV9491,T846,R2084,0/0/0,KTPM,KHMT,TGMT,CNTT,MMT&VT,HTTT,KHMT,1,6.92857,7.11688
SV2444,M7906,M2870,0/0/0,KTPM,KHMT,HTTT,TGMT,CNTT,MMT&VT,KHMT,1,6.92857,7.09559
SV2203,K200,O3047,0/0/0,KTPM,KHMT,TGMT,CNTT,HTTT,MMT&VT,KHMT,1,6.92857,6.92208
SV9121,K6020,U9066,0/0/0,KTPM,KHMT,HTTT,CNTT,TGMT,MMT&VT,KHMT,1,6.92857,6.81343
SV3448,O974,Q2498,0/0/0,KHMT,MMT&VT,CNTT,HTTT,KTPM,TGMT,KHMT,0,6.92857,6.8
SV7504,T7338,L2990,0/0/0,KHMT,CNTT,HTTT,KTPM,TGMT,MMT&VT,KHMT,0,6.92857,6.1194
SV9481,S5306,R7592,0/0/0,KTPM,KHMT,HTTT,TGMT,CNTT,MMT&VT,KHMT,1,6.8871,7.4507
SV9770,M3188,C1167,0/0/0,KTPM,KHMT,CNTT,HTTT,TGMT,MMT&VT,KHMT,1,6.85714,7.23611
SV9335,A8990,I7865,0/0/0,KTPM,KHMT,TGMT,CNTT,HTTT,MMT&VT,KHMT,1,6.85714,6.96528
SV8947,G1290,C8866,0/0/0,KTPM,KHMT,TGMT,CNTT,HTTT,MMT&VT,KHMT,1,6.78571,7.52381
SV411,M9090,V2942,1348221507/1919381362/1176530273,KTPM,KHMT,HTTT,TGMT,CNTT,MMT&VT,KHMT,1,6.78571,7.24286
SV2223,S5804,L7223,0/0/0,KHMT,KTPM,TGMT,CNTT,HTTT,MMT&VT,KHMT,0,6.78571,7
SV4248,G8410,Q2354,0/0/0,KTPM,KHMT,CNTT,MMT&VT,HTTT,TGMT,KHMT,1,6.78571,6.875
SV1997,S9258,Q653,0/0/0,KHMT,HTTT,MMT&VT,TGMT,KTPM,CNTT,KHMT,0,6.78571,6.86806
SV6346,M4340,M6688,0/0/0,KTPM,KHMT,TGMT,CNTT,HTTT,MMT&VT,KHMT,1,6.78571,6.81333
SV6143,M962,C1754,0/0/0,KHMT,KTPM,CNTT,HTTT,MMT&VT,TGMT,KHMT,0,6.78571,6.79167
SV7243,G5682,I4670,0/0/0,KTPM,KHMT,HTTT,CNTT,TGMT,MMT&VT,KHMT,1,6.78571,6.56618
SV4448,L7552,U9658,0/0/0,KHMT,HTTT,KTPM,CNTT,TGMT,MMT&VT,KHMT,0,6.78571,6.55556
SV7019,G184,R31,0/0/0,KHMT,TGMT,CNTT,KTPM,HTTT,MMT&VT,KHMT,0,6.75,6.91346
SV3311,S5880,W9010,0/0/0,KHMT,CNTT,KTPM,TGMT,HTTT,MMT&VT,KHMT,0,6.71429,7.46
SV6085,K1232,U1112,0/0/0,KTPM,KHMT,HTTT,MMT&VT,TGMT,CNTT,KHMT,1,6.71429,7.17857
SV8996,S286,U8707,0/0/0,KHMT,TGMT,KTPM,CNTT,HTTT,MMT&VT,KHMT,0,6.66667,6.65179
SV1406,O8908,B2036,0/0/0,KHMT,TGMT,KTPM,CNTT,MMT&VT,HTTT,KHMT,0,6.64286,7.29167
SV675,O4164,U4048,0/0/0,KHMT,HTTT,CNTT,TGMT,MMT&VT,KTPM,KHMT,0,6.64286,7.20833
SV9459,K6698,U4512,0/0/0,KTPM,KHMT,HTTT,TGMT,CNTT,MMT&VT,KHMT,1,6.57143,6.55
SV5649,U1576,I9997,0/0/0,KTPM,HTTT,KHMT,TGMT,MMT&VT,CNTT,KTPM,0,9.5,8.42857
SV9290,T4180,U3464,0/0/0,KTPM,HTTT,KHMT,CNTT,MMT&VT,TGMT,KTPM,0,9.28571,9.19444
SV6398,M7060,V575,0/0/0,KTPM,KHMT,TGMT,HTTT,MMT&VT,CNTT,KTPM,0,9,8.35156
SV3842,S7250,U4692,0/0/0,KTPM,KHMT,CNTT,HTTT,TGMT,MMT&VT,KTPM,0,8.78571,8.65278
SV635,M4562,L3930,1546204728/1684957527/544438127,KTPM,HTTT,CNTT,KHMT,TGMT,MMT&VT,KTPM,0,8.78571,8.08108
SV4913,O4906,I5735,0/0/0,KTPM,KHMT,HTTT,CNTT,TGMT,MMT&VT,KTPM,0,8.71429,8.38194
SV9689,U4202,U9000,0/0/0,KTPM,TGMT,CNTT,KHMT,HTTT,MMT&VT,KTPM,0,8.71429,8.15972
SV2881,S5694,Z4648,0/0/0,KTPM,KHMT,HTTT,MMT&VT,TGMT,CNTT,KTPM,0,8.66667,8.59375
SV1237,M1618,O8136,0/0/0,KTPM,HTTT,CNTT,KHMT,TGMT,MMT&VT,KTPM,0,8.64286,8.65278
SV6469,A5436,U542,0/0/0,KTPM,KHMT,HTTT,MMT&VT,TGMT,CNTT,KTPM,0,8.64286,8.52083
SV6347,M4850,E4550,0/0/0,KTPM,KHMT,CNTT,HTTT,TGMT,MMT&VT,KTPM,0,8.64286,8.375
SV9567,S9334,M5385,0/0/0,KTPM,MMT&VT,CNTT,KHMT,TGMT,HTTT,KTPM,0,8.64286,8.36
SV7146,S7854,V1687,0/0/0,KTPM,KHMT,CNTT,HTTT,MMT&VT,TGMT,KTPM,0,8.64286,8.14754
SV6509,C3860,M9000,0/0/0,KTPM,HTTT,KHMT,CNTT,TGMT,MMT&VT,KTPM,0,8.57143,8.62838
SV628,U4202,M9293,0/0/0,KTPM,KHMT,HTTT,CNTT,TGMT,MMT&VT,KTPM,0,8.57143,8.625
SV1445,M3208,V5001,0/0/0,KTPM,KHMT,HTTT,TGMT,CNTT,MMT&VT,KTPM,0,8.57143,8.61806
SV2032,G886,O1418,0/0/0,KTPM,KHMT,TGMT,HTTT,CNTT,MMT&VT,KTPM,0,8.57143,8.52857
SV9201,K3616,I6543,0/0/0,KTPM,KHMT,CNTT,TGMT,MMT&VT,HTTT,KTPM,0,8.57143,8.41429
SV1274,O1226,U4747,0/0/0,KTPM,CNTT,HTTT,TGMT,MMT&VT,KHMT,KTPM,0,8.57143,8.28472
SV4268,M7970,M6126,0/0/0,KTPM,KHMT,HTTT,TGMT,CNTT,MMT&VT,KTPM,0,8.5,8.44444
SV9491,S6706,O898,0/0/0,KTPM,HTTT,MMT&VT,CNTT,KHMT,TGMT,KTPM,0,8.5,8.33333
SV4230,A2668,I9191,0/0/0,KTPM,KHMT,TGMT,CNTT,HTTT,MMT&VT,KTPM,0,8.5,8.32143
SV2234,U1648,W6027,0/0/0,KTPM,KHMT,TGMT,HTTT,CNTT,MMT&VT,KTPM,0,8.5,8.29167
SV4014,T3616,U9472,0/0/0,KTPM,KHMT,CNTT,HTTT,TGMT,MMT&VT,KTPM,0,8.42857,8.73611
SV4300,P4052,U6304,0/0/0,KTPM,KHMT,CNTT,HTTT,TGMT,MMT&VT,KTPM,0,8.42857,8.47917
SV3620,K8666,U3600,0/0/0,KTPM,MMT&VT,KHMT,CNTT,HTTT,TGMT,KTPM,0,8.42857,8.17333
SV1695,S1076,E7663,0/0/0,KTPM,KHMT,CNTT,TGMT,MMT&VT,HTTT,KTPM,0,8.35714,8.4
SV5708,M4994,V8905,0/0/0,KTPM,KHMT,CNTT,HTTT,TGMT,MMT&VT,KTPM,0,8.35714,8.00694
SV6176,K9450,N3072,0/0/0,KTPM,KHMT,TGMT,HTTT,CNTT,MMT&VT,KTPM,0,8.35714,7.84058
SV3354,M3188,U7379,0/0/0,KTPM,HTTT,KHMT,CNTT,MMT&VT,TGMT,KTPM,0,8.28571,8.25694
SV5441,K1722,E8131,0/0/0,KTPM,TGMT,HTTT,KHMT,CNTT,MMT&VT,KTPM,0,8.28571,8.09028
SV1817,O3332,I2685,0/0/0,KTPM,TGMT,CNTT,KHMT,HTTT,MMT&VT,KTPM,0,8.28571,8.09028
SV6578,J6908,L8827,1951624289/1869177973/1030908228,KTPM,KHMT,HTTT,CNTT,TGMT,MMT&VT,KTPM,0,8.28571,8.02143
SV7021,A7438,I2910,0/0/0,KTPM,KHMT,HTTT,CNTT,TGMT,MMT&VT,KTPM,0,8.28571,7.96429
SV2924,M4050,L7917,842231141/1852397404/1937207140,KTPM,KHMT,HTTT,TGMT,MMT&VT,CNTT,KTPM,0,8.28571,7.89583
SV5338,S9456,Q8889,0/0/0,KTPM,KHMT,CNTT,MMT&VT,TGMT,HTTT,KTPM,0,8.21429,8.27083
SV7414,M9202,V7998,0/0/0,KTPM,KHMT,CNTT,TGMT,HTTT,MMT&VT,KTPM,0,8.21429,8.13043
SV2112,S742,O3611,0/0/0,KTPM,TGMT,KHMT,CNTT,HTTT,MMT&VT,KTPM,0,8.21429,7.5443
SV6337,O4816,E9533,0/0/0,KTPM,KHMT,CNTT,TGMT,HTTT,MMT&VT,KTPM,0,8.16667,8.2037
SV1582,M1826,U3294,0/0/0,KTPM,KHMT,HTTT,MMT&VT,TGMT,CNTT,KTPM,0,8.14286,8.68056
SV5224,G5886,U7674,0/0/0,KTPM,KHMT,CNTT,TGMT,HTTT,MMT&VT,KTPM,0,8.14286,8.60811
SV2210,S9342,L344,0/0/0,KTPM,HTTT,KHMT,CNTT,TGMT,MMT&VT,KTPM,0,8.14286,8.28472
SV1205,A824,W8812,0/0/0,KTPM,HTTT,TGMT,CNTT,KHMT,MMT&VT,KTPM,0,8.14286,8.13571
SV1281,U4202,U6117,0/0/0,KTPM,KHMT,HTTT,CNTT,MMT&VT,TGMT,KTPM,0,8.14286,7.86111
SV2494,M2564,L2594,0/0/0,KTPM,MMT&VT,KHMT,CNTT,HTTT,TGMT,KTPM,0,8.14286,7.85714
SV2737,G8900,D4809,0/0/0,KTPM,KHMT,CNTT,TGMT,HTTT,MMT&VT,KTPM,0,8.07143,8.28472
SV3459,T4108,Y648,0/0/0,KTPM,HTTT,KHMT,CNTT,TGMT,MMT&VT,KTPM,0,8.07143,8.14583
SV9324,B2874,Q3448,0/0/0,KTPM,KHMT,TGMT,CNTT,HTTT,MMT&VT,KTPM,0,8.07143,8.02778
SV1617,M6834,N5389,0/0/0,KTPM,KHMT,TGMT,CNTT,HTTT,MMT&VT,KTPM,0,8.07143,7.98611
SV9064,L6702,V7647,0/0/0,KTPM,KHMT,CNTT,HTTT,TGMT,MMT&VT,KTPM,0,8.07143,7.94928
SV3542,K3848,W8564,0/0/0,KTPM,HTTT,CNTT,KHMT,TGMT,MMT&VT,KTPM,0,8.07143,7.77143
SV788,C1336,T5379,0/0/0,KTPM,KHMT,CNTT,MMT&VT,HTTT,TGMT,KTPM,0,8,8.12143
SV4901,O1964,M6739,0/0/0,KTPM,KHMT,TGMT,CNTT,HTTT,MMT&VT,KTPM,0,8,8.02703
SV4200,K7964,V4675,1768191348/808606831/1130117425,KTPM,HTTT,KHMT,MMT&VT,CNTT,TGMT,KTPM,0,8,7.91538
SV821,M4994,L2202,0/0/0,KTPM,KHMT,CNTT,HTTT,TGMT,MMT&VT,KTPM,0,8,7.8
SV4268,M3188,E3864,0/0/0,KTPM,KHMT,MMT&VT,CNTT,TGMT,HTTT,KTPM,0,8,7.78472
SV3283,U2962,U5748,0/0/0,KTPM,HTTT,KHMT,CNTT,MMT&VT,TGMT,KTPM,0,8,7.78472
SV9071,M6358,E8952,0/0/0,KTPM,KHMT,HTTT,CNTT,TGMT,MMT&VT,KTPM,0,8,7.69444
SV4392,O5340,E8588,0/0/0,KTPM,TGMT,KHMT,CNTT,HTTT,MMT&VT,KTPM,0,8,7.39796
SV6708,M9090,L6954,0/0/0,KTPM,MMT&VT,HTTT,CNTT,TGMT,KHMT,KTPM,0,7.92857,8.27143
SV3769,M1482,U4520,0/0/0,KTPM,HTTT,KHMT,TGMT,CNTT,MMT&VT,KTPM,0,7.92857,8.03472
SV573,T5728,I9693,0/0/0,KTPM,KHMT,HTTT,CNTT,TGMT,MMT&VT,KTPM,0,7.92857,8.02206
SV8149,K2098,I7878,0/0/0,KTPM,HTTT,KHMT,CNTT,TGMT,MMT&VT,KTPM,0,7.92857,7.95139
SV9048,S8220,U7361,0/0/0,KTPM,HTTT,TGMT,KHMT,MMT&VT,CNTT,KTPM,0,7.92857,7.93571
SV1261,M400,L506,1112944187/1244543813/1244543827,KTPM,HTTT,CNTT,KHMT,TGMT,MMT&VT,KTPM,0,7.92857,7.86111
SV4439,O8688,O3022,0/0/0,KTPM,CNTT,TGMT,KHMT,HTTT,MMT&VT,KTPM,0,7.92857,7.82639
SV2823,M3728,U4695,0/0/0,KTPM,HTTT,KHMT,CNTT,TGMT,MMT&VT,KTPM,0,7.85714,8.00714
SV9454,T278,O1332,0/0/0,KTPM,KHMT,HTTT,CNTT,TGMT,MMT&VT,KTPM,0,7.85714,7.81944
SV3970,K9822,V2137,0/0/0,KTPM,HTTT,KHMT,CNTT,TGMT,MMT&VT,KTPM,0,7.85714,7.78472
SV7450,A6280,D2487,1330380857/1095516483/1094996048,KTPM,HTTT,KHMT,TGMT,CNTT,MMT&VT,KTPM,0,7.85714,7.625
SV2327,A7142,U6074,0/0/0,KTPM,HTTT,KHMT,CNTT,MMT&VT,TGMT,KTPM,0,7.85714,7.61806
SV4224,M5424,E4837,0/0/0,KTPM,TGMT,HTTT,CNTT,MMT&VT,KHMT,KTPM,0,7.85714,7.56716
SV6558,K1722,V5917,0/0/0,KTPM,KHMT,TGMT,CNTT,HTTT,MMT&VT,KTPM,0,7.78571,8.35417
SV9227,M1056,Q940,0/0/0,KTPM,TGMT,KHMT,CNTT,MMT&VT,HTTT,KTPM,0,7.78571,8.29167
SV1098,B9214,U4515,0/0/0,KTPM,HTTT,KHMT,CNTT,MMT&VT,TGMT,KTPM,0,7.78571,8.21528
SV3352,T1022,Q9119,0/0/0,KTPM,KHMT,HTTT,CNTT,MMT&VT,TGMT,KTPM,0,7.78571,7.94444
SV6895,B2964,U8985,0/0/0,KTPM,CNTT,TGMT,KHMT,HTTT,MMT&VT,KTPM,0,7.78571,7.87879
SV141,M3114,L2230,0/0/0,KTPM,KHMT,HTTT,CNTT,TGMT,MMT&VT,KTPM,0,7.78571,7.7971
SV7836,K5124,V8255,0/0/0,KTPM,KHMT,HTTT,CNTT,TGMT,MMT&VT,KTPM,0,7.78571,7.69444
SV7848,O7692,M4564,0/0/0,KTPM,HTTT,KHMT,CNTT,TGMT,MMT&VT,KTPM,0,7.78571,7.67143
SV5271,O3542,N1470,0/0/0,KTPM,KHMT,HTTT,CNTT,TGMT,MMT&VT,KTPM,0,7.78571,7.5942
SV5245,M4940,O7713,0/0/0,KTPM,TGMT,KHMT,CNTT,HTTT,MMT&VT,KTPM,0,7.78571,7.49367
SV7744,U6004,C7553,0/0/0,KTPM,CNTT,KHMT,TGMT,HTTT,MMT&VT,KTPM,0,7.78571,7.44203
SV6241,A9414,I8197,0/0/0,KTPM,HTTT,KHMT,TGMT,CNTT,MMT&VT,KTPM,0,7.78571,7.38462
SV4162,M538,W5135,0/0/0,KTPM,KHMT,HTTT,CNTT,TGMT,MMT&VT,KTPM,0,7.72581,8.14583
SV3965,M9090,M263,0/0/0,KTPM,KHMT,HTTT,TGMT,CNTT,MMT&VT,KTPM,0,7.71429,8.03333
SV9332,M2066,U9106,0/0/0,KTPM,HTTT,KHMT,CNTT,MMT&VT,TGMT,KTPM,0,7.71429,7.88971
SV4603,O7734,V5912,0/0/0,KTPM,KHMT,CNTT,TGMT,MMT&VT,HTTT,KTPM,0,7.71429,7.875
SV3454,K1240,O6482,0/0/0,KTPM,KHMT,MMT&VT,TGMT,CNTT,HTTT,KTPM,0,7.71429,7.76389
SV7738,M5470,U9753,0/0/0,KTPM,HTTT,KHMT,MMT&VT,CNTT,TGMT,KTPM,0,7.71429,7.75694
SV7681,U506,B9028,0/0/0,KTPM,HTTT,KHMT,CNTT,TGMT,MMT&VT,KTPM,0,7.71429,7.75
SV9546,M4800,I8027,0/0/0,KTPM,KHMT,CNTT,HTTT,TGMT,MMT&VT,KTPM,0,7.71429,7.53472
SV3963,L8364,U6569,0/0/0,KTPM,HTTT,KHMT,CNTT,MMT&VT,TGMT,KTPM,0,7.64286,7.88194
SV3945,O4816,W9121,0/0/0,KTPM,CNTT,KHMT,TGMT,HTTT,MMT&VT,KTPM,0,7.64286,7.73377
SV4542,S5306,I6682,0/0/0,KTPM,HTTT,KHMT,TGMT,MMT&VT,CNTT,KTPM,0,7.64286,7.54861
SV4119,M400,I6159,0/0/0,KTPM,KHMT,CNTT,TGMT,HTTT,MMT&VT,KTPM,0,7.64286,7.53846
SV5220,M9202,E4401,0/0/0,KTPM,HTTT,KHMT,MMT&VT,TGMT,CNTT,KTPM,0,7.64286,7.52143
SV4187,S7922,L6434,0/0/0,KTPM,KHMT,CNTT,TGMT,HTTT,MMT&VT,KTPM,0,7.64286,7.49286
SV1636,T6606,C7055,0/0/0,KTPM,KHMT,MMT&VT,HTTT,CNTT,TGMT,KTPM,0,7.64286,7.47222
SV7686,M454,O1089,0/0/0,KTPM,KHMT,TGMT,MMT&VT,HTTT,CNTT,KTPM,0,7.58333,7.53968
SV6713,K132,U5562,0/0/0,KTPM,KHMT,HTTT,TGMT,CNTT,MMT&VT,KTPM,0,7.57143,8.19231
SV5624,G7822,O506,0/0/0,KTPM,KHMT,TGMT,CNTT,HTTT,MMT&VT,KTPM,0,7.57143,8.1087
SV2140,M9090,U6393,0/0/0,KTPM,CNTT,TGMT,KHMT,HTTT,MMT&VT,KTPM,0,7.57143,7.9375
SV6817,S4546,O2667,0/0/0,KTPM,MMT&VT,KHMT,CNTT,HTTT,TGMT,KTPM,0,7.57143,7.83582
SV2283,M8566,U1249,0/0/0,KTPM,HTTT,KHMT,CNTT,TGMT,MMT&VT,KTPM,0,7.57143,7.79167
SV2779,U2290,U1811,0/0/0,KTPM,HTTT,KHMT,CNTT,TGMT,MMT&VT,KTPM,0,7.57143,7.76389
SV2741,G9130,V258,0/0/0,KTPM,HTTT,CNTT,TGMT,MMT&VT,KHMT,KTPM,0,7.57143,7.63043
SV7493,M7970,I814,0/0/0,KTPM,HTTT,KHMT,CNTT,TGMT,MMT&VT,KTPM,0,7.57143,7.3
SV6723,B9214,U6546,0/0/0,KTPM,KHMT,HTTT,MMT&VT,CNTT,TGMT,KTPM,0,7.57143,7.19286
SV67,S8918,O5434,0/0/0,KTPM,TGMT,KHMT,CNTT,MMT&VT,HTTT,KTPM,0,7.57143,7.02239
SV4530,K1806,U5925,0/0/0,KTPM,HTTT,KHMT,CNTT,TGMT,MMT&VT,KTPM,0,7.5,8.12712
SV9473,O9076,U3599,0/0/0,KTPM,HTTT,MMT&VT,CNTT,KHMT,TGMT,KTPM,0,7.5,8.08333
SV1975,O1382,U1720,0/0/0,KTPM,HTTT,KHMT,CNTT,MMT&VT,TGMT,KTPM,0,7.5,7.97917
SV9309,G4100,U6233,0/0/0,KTPM,KHMT,HTTT,CNTT,TGMT,MMT&VT,KTPM,0,7.5,7.91791
SV2246,S7922,U4843,0/0/0,KTPM,KHMT,CNTT,TGMT,HTTT,MMT&VT,KTPM,0,7.5,7.91111
SV4117,T4728,N711,0/0/0,KTPM,KHMT,HTTT,CNTT,TGMT,MMT&VT,KTPM,0,7.5,7.86585
SV4407,M7728,U5015,0/0/0,KTPM,HTTT,KHMT,TGMT,CNTT,MMT&VT,KTPM,0,7.5,7.85714
SV3509,S4924,U8834,0/0/0,KTPM,HTTT,KHMT,CNTT,TGMT,MMT&VT,KTPM,0,7.5,7.70149
SV4073,K914,I5192,0/0/0,KTPM,CNTT,HTTT,TGMT,KHMT,MMT&VT,KTPM,0,7.5,7.6875
SV7414,M2838,U3358,0/0/0,KTPM,HTTT,KHMT,MMT&VT,CNTT,TGMT,KTPM,0,7.5,7.5
SV8260,G4918,U7477,0/0/0,KTPM,CNTT,TGMT,HTTT,KHMT,MMT&VT,KTPM,0,7.5,7.43056
SV3242,U1418,V765,0/0/0,KTPM,TGMT,CNTT,KHMT,HTTT,MMT&VT,KTPM,0,7.5,6.73881
SV1918,K3906,U4777,0/0/0,KTPM,HTTT,KHMT,CNTT,TGMT,MMT&VT,KTPM,0,7.42857,8.16667
SV1442,O9618,I1916,0/0/0,KTPM,HTTT,MMT&VT,KHMT,CNTT,TGMT,KTPM,0,7.42857,8.06429
SV9098,O2484,L2363,0/0/0,KTPM,KHMT,TGMT,CNTT,HTTT,MMT&VT,KTPM,0,7.42857,7.86806
SV9903,M676,E3363,0/0/0,KTPM,KHMT,CNTT,HTTT,TGMT,MMT&VT,KTPM,0,7.42857,7.70139
SV5139,T2672,M2054,0/0/0,KTPM,KHMT,TGMT,CNTT,HTTT,MMT&VT,KTPM,0,7.42857,7.5625
SV9191,M9202,U3361,0/0/0,KTPM,KHMT,HTTT,TGMT,CNTT,MMT&VT,KTPM,0,7.42857,7.46528
SV3917,M9202,M1793,0/0/0,KTPM,KHMT,TGMT,HTTT,CNTT,MMT&VT,KTPM,0,7.42857,7.38312
SV4967,M1534,U566,0/0/0,KTPM,MMT&VT,KHMT,TGMT,CNTT,HTTT,KTPM,0,7.42857,7.29167
SV1199,U2886,E9468,0/0/0,KTPM,KHMT,CNTT,HTTT,TGMT,MMT&VT,KTPM,0,7.35714,7.94286
SV2435,S9576,Q6106,0/0/0,KTPM,KHMT,HTTT,CNTT,TGMT,MMT&VT,KTPM,0,7.35714,7.75694
SV5041,U5938,E5094,0/0/0,KTPM,KHMT,MMT&VT,CNTT,HTTT,TGMT,KTPM,0,7.35714,7.73571
SV1023,K7806,W1162,0/0/0,KTPM,KHMT,HTTT,TGMT,CNTT,MMT&VT,KTPM,0,7.35714,7.62857
SV3749,K3986,C1137,0/0/0,KTPM,HTTT,KHMT,CNTT,TGMT,MMT&VT,KTPM,0,7.35714,7.27083
SV9150,U3472,N1435,0/0/0,KTPM,KHMT,CNTT,HTTT,MMT&VT,TGMT,KTPM,0,7.35714,7.20714
SV9013,U7170,I7089,0/0/0,KTPM,KHMT,HTTT,CNTT,TGMT,MMT&VT,KTPM,0,7.35714,7.125
SV9862,M610,M2446,0/0/0,KTPM,MMT&VT,KHMT,HTTT,CNTT,TGMT,KTPM,0,7.35714,6.95139
SV5779,S6144,U9397,0/0/0,KTPM,KHMT,HTTT,TGMT,CNTT,MMT&VT,KTPM,0,7.3,8.08594
SV1272,M2760,I2979,0/0/0,KTPM,HTTT,KHMT,CNTT,MMT&VT,TGMT,KTPM,0,7.28571,7.72059
SV7006,K3120,O8774,0/0/0,MMT&VT,KHMT,KTPM,CNTT,HTTT,TGMT,MMT&VT,0,9,7.16667
SV1149,M9498,L904,0/0/0,MMT&VT,KTPM,HTTT,KHMT,TGMT,CNTT,MMT&VT,0,8.64286,8.66154
SV5650,M3624,Q1772,0/0/0,KTPM,MMT&VT,KHMT,HTTT,CNTT,TGMT,MMT&VT,1,7,7.42143
SV3476,B3192,M8666,0/0/0,KTPM,MMT&VT,TGMT,KHMT,HTTT,CNTT,MMT&VT,1,7,6.99286
SV5840,S5670,U8425,0/0/0,KTPM,MMT&VT,HTTT,CNTT,TGMT,KHMT,MMT&VT,1,6.85714,7.01449
SV5439,O7450,U3633,0/0/0,MMT&VT,KTPM,KHMT,CNTT,TGMT,HTTT,MMT&VT,0,6.71429,6.88571
SV4327,M4014,U8868,0/0/0,MMT&VT,TGMT,KHMT,KTPM,CNTT,HTTT,MMT&VT,0,6.71429,6.69286
SV7603,S5544,I3846,0/0/0,KTPM,MMT&VT,KHMT,HTTT,CNTT,TGMT,MMT&VT,1,6.42857,6.60714
SV8366,S796,M7497,0/0/0,KTPM,MMT&VT,HTTT,KHMT,CNTT,TGMT,MMT&VT,1,6,6.46324
SV9408,O1642,N9168,0/0/0,MMT&VT,HTTT,KTPM,CNTT,TGMT,KHMT,MMT&VT,0,5.85714,6.67857
SV2668,K6660,U178,0/0/0,MMT&VT,TGMT,KHMT,KTPM,CNTT,HTTT,MMT&VT,0,5.71429,5.84247
SV2929,S5306,U5317,0/0/0,MMT&VT,CNTT,HTTT,KTPM,TGMT,KHMT,MMT&VT,0,5.71429,5.33571
SV920,M548,W2322,0/0/0,MMT&VT,HTTT,KHMT,TGMT,CNTT,KTPM,MMT&VT,0,5.5,6.18462
SV4248,S6196,M6520,0/0/0,KHMT,KTPM,HTTT,MMT&VT,CNTT,TGMT,MMT&VT,3,5.5,5.63291
SV3604,M3584,U9616,0/0/0,MMT&VT,KHMT,KTPM,HTTT,TGMT,CNTT,MMT&VT,0,5.42857,5.89333
SV2625,U2906,O3048,0/0/0,HTTT,MMT&VT,KTPM,KHMT,CNTT,TGMT,MMT&VT,1,5.35714,6.46377
SV8046,O382,L4512,0/0/0,KTPM,HTTT,MMT&VT,KHMT,TGMT,CNTT,MMT&VT,2,5.07143,5.90278
SV2677,S946,U1798,0/0/0,MMT&VT,HTTT,KHMT,KTPM,TGMT,CNTT,MMT&VT,0,5,6.95
SV246,S4546,B9855,0/0/0,KHMT,HTTT,MMT&VT,KTPM,TGMT,CNTT,MMT&VT,2,4.92857,5.42647
SV987,M210,R1396,0/0/0,KHMT,HTTT,KTPM,MMT&VT,CNTT,TGMT,MMT&VT,3,4.71429,4.77941
SV6930,M3684,R1781,0/0/0,KTPM,KHMT,HTTT,MMT&VT,CNTT,TGMT,MMT&VT,3,4.57143,4.97015
SV2826,M9202,U7297,0/0/0,MMT&VT,KTPM,TGMT,KHMT,CNTT,HTTT,MMT&VT,0,4.5,5.61806
SV4684,U6272,U555,0/0/0,KTPM,MMT&VT,TGMT,KHMT,CNTT,HTTT,MMT&VT,1,4.33333,4.45902
SV4909,G9130,V6933,0/0/0,KTPM,KHMT,HTTT,MMT&VT,TGMT,CNTT,MMT&VT,3,4.28571,5.82143
SV4573,O7948,I7499,0/0/0,MMT&VT,KTPM,KHMT,HTTT,CNTT,TGMT,MMT&VT,0,4.07143,4.82143
SV312,T278,R5078,0/0/0,HTTT,KHMT,MMT&VT,CNTT,TGMT,KTPM,MMT&VT,2,3.78571,5.24615
SV5537,S4196,R8759,0/0/0,KTPM,MMT&VT,CNTT,HTTT,TGMT,KHMT,MMT&VT,1,3.78571,4.46774
SV7917,K7972,U3169,0/0/0,HTTT,KHMT,MMT&VT,KTPM,CNTT,TGMT,MMT&VT,2,3.71429,4.75974
SV8156,M468,M5952,0/0/0,KTPM,HTTT,MMT&VT,KHMT,CNTT,TGMT,MMT&VT,2,3.5,5.88158
SV927,S994,V2817,0/0/0,HTTT,MMT&VT,KHMT,KTPM,CNTT,TGMT,MMT&VT,1,3.21429,4.28571
SV3005,S2228,U3541,0/0/0,KTPM,KHMT,HTTT,MMT&VT,CNTT,TGMT,MMT&VT,3,3,4.23529
SV5612,T6402,U2468,0/0/0,KTPM,MMT&VT,HTTT,TGMT,KHMT,CNTT,MMT&VT,1,2.91667,5.26515
SV8733,T9230,Q27,0/0/0,KHMT,KTPM,HTTT,MMT&VT,CNTT,TGMT,MMT&VT,3,2.41667,4.10345
SV2749,G2354,E598,0/0/0,HTTT,MMT&VT,TGMT,CNTT,KHMT,KTPM,MMT&VT,1,2.28571,3.6875
SV9263,M6244,T9052,0/0/0,HTTT,MMT&VT,KHMT,TGMT,CNTT,KTPM,MMT&VT,1,1.57143,2.125
SV3391,O4816,R421,0/0/0,HTTT,MMT&VT,KHMT,KTPM,CNTT,TGMT,MMT&VT,1,0,5.07692
SV1190,O4816,V4453,0/0/0,MMT&VT,HTTT,KHMT,CNTT,TGMT,KTPM,MMT&VT,0,0,2.92537
SV727,M5470,B3965,0/0/0,MMT&VT,TGMT,KTPM,CNTT,HTTT,KHMT,MMT&VT,0,0,0
SV770,A9074,V230,0/0/0,TGMT,CNTT,KHMT,KTPM,MMT&VT,HTTT,TGMT,0,8.71429,8.45139
SV6038,C1198,L1531,1986946422/1702389038/1852793646,TGMT,KHMT,CNTT,KTPM,HTTT,MMT&VT,TGMT,0,8.64286,8.55
SV6807,M9090,O7492,0/0/0,TGMT,KTPM,CNTT,HTTT,KHMT,MMT&VT,TGMT,0,7.28571,7.64286
SV1862,S7854,O5522,0/0/0,TGMT,KHMT,KTPM,CNTT,MMT&VT,HTTT,TGMT,0,7.21429,7.39583
SV782,M400,M4718,0/0/0,TGMT,KTPM,KHMT,CNTT,MMT&VT,HTTT,TGMT,0,7.07143,6.77206
SV4667,K8180,I2783,0/0/0,KTPM,TGMT,CNTT,MMT&VT,KHMT,HTTT,TGMT,1,6.92857,6.97917
SV7855,B5132,I2301,0/0/0,TGMT,KHMT,CNTT,KTPM,HTTT,MMT&VT,TGMT,0,6.85714,6.30769
SV261,G1598,O3746,0/0/0,TGMT,KHMT,KTPM,CNTT,HTTT,MMT&VT,TGMT,0,6.78571,6.78571
SV4528,S4256,U1733,0/0/0,KTPM,TGMT,KHMT,CNTT,HTTT,MMT&VT,TGMT,1,6.71429,7.52143
SV4878,G5426,U140,0/0/0,TGMT,KTPM,CNTT,KHMT,HTTT,MMT&VT,TGMT,0,6.5,6.95714
SV5016,M2538,T9363,0/0/0,TGMT,CNTT,KTPM,KHMT,HTTT,MMT&VT,TGMT,0,6.42857,6.70139
SV1435,G1290,U5466,0/0/0,TGMT,CNTT,KHMT,MMT&VT,HTTT,KTPM,TGMT,0,6.4,6.33824
SV364,U5300,C7223,0/0/0,KHMT,KTPM,TGMT,CNTT,HTTT,MMT&VT,TGMT,2,6.21429,7.15714
SV9210,T846,I4330,0/0/0,KHMT,KTPM,TGMT,CNTT,HTTT,MMT&VT,TGMT,2,6.21429,6
SV146,S394,U2624,0/0/0,KTPM,TGMT,CNTT,HTTT,MMT&VT,KHMT,TGMT,1,6.16667,7.24107
SV2032,S2294,I4559,0/0/0,KTPM,TGMT,HTTT,KHMT,MMT&VT,CNTT,TGMT,1,6.14286,5.05385
SV8057,M9202,I6867,0/0/0,KHMT,TGMT,CNTT,HTTT,KTPM,MMT&VT,TGMT,1,5.71429,5.97857
SV2754,S4596,U4316,0/0/0,KHMT,TGMT,CNTT,KTPM,MMT&VT,HTTT,TGMT,1,5.375,6.63725
SV641,O4780,O9717,0/0/0,KTPM,KHMT,TGMT,CNTT,MMT&VT,HTTT,TGMT,2,5.14286,5.86486
SV7292,U2564,U5155,0/0/0,KTPM,HTTT,TGMT,KHMT,CNTT,MMT&VT,TGMT,2,5.14286,5.29333
SV5669,O8274,B6719,0/0/0,KHMT,TGMT,CNTT,HTTT,KTPM,MMT&VT,TGMT,1,5.07143,5.96269
SV5232,S9916,W6532,0/0/0,HTTT,KTPM,TGMT,CNTT,MMT&VT,KHMT,TGMT,2,5.07143,5.79851
SV7262,M372,Q5845,0/0/0,KHMT,TGMT,CNTT,MMT&VT,KTPM,HTTT,TGMT,1,4.62903,5.72667
SV2247,K3906,W7661,0/0/0,KHMT,TGMT,CNTT,MMT&VT,HTTT,KTPM,TGMT,1,3.78571,5.16429
SV8183,S994,U6648,0/0/0,KTPM,TGMT,KHMT,CNTT,HTTT,MMT&VT,TGMT,1,3.35714,4.63043
SV5172,U1832,L7941,0/0/0,KTPM,TGMT,KHMT,CNTT,HTTT,MMT&VT,TGMT,1,2.75,4.36
SV4246,A824,U4690,0/0/0,TGMT,MMT&VT,CNTT,KTPM,KHMT,HTTT,TGMT,0,2.33333,4.35938
SV1345,G9380,M1760,0/0/0,KHMT,TGMT,CNTT,HTTT,MMT&VT,KTPM,TGMT,1,2.07143,3.00806
SV4083,M6020,U7540,0/0/0,KTPM,KHMT,TGMT,CNTT,HTTT,MMT&VT,TGMT,2,0,8.5
SV26,G5682,I4670,0/0/0,,,,,,,failed, ,0,0
SV45,M7758,M949,0/0/0,,,,,,,failed, ,0,0
SV51,T3204,O1632,0/0/0,,,,,,,failed, ,0,0
SV57,M2760,Q9189,0/0/0,,,,,,,failed, ,7.5,7.30645
SV62,S5108,M4624,0/0/0,,,,,,,failed, ,0,0
SV64,K5326,Q6026,0/0/0,,,,,,,failed, ,8.64286,8.8125
SV65,S7600,U3822,0/0/0,,,,,,,failed, ,0,0
SV69,G2592,O888,0/0/0,,,,,,,failed, ,1.33333,3.84559
SV86,S7748,W1866,0/0/0,,,,,,,failed, ,0,0
SV124,B9414,T6652,0/0/0,,,,,,,failed, ,0,0
SV131,O3394,M7415,0/0/0,,,,,,,failed, ,8.62903,8.5
SV146,S394,U2624,0/0/0,,,,,,,failed, ,7.5,7.6875
SV150,M1578,U4972,0/0/0,,,,,,,failed, ,8.64286,8.2125
SV156,K2098,L6722,0/0/0,,,,,,,failed, ,8.48387,8.58
SV171,M174,S3169,0/0/0,,,,,,,failed, ,0,0
SV173,U3964,M9052,0/0/0,,,,,,,failed, ,0,0
SV174,M9578,E5707,0/0/0,,,,,,,failed, ,7.73684,8.75
SV196,O3004,E8417,0/0/0,,,,,,,failed, ,0,0
SV216,O1936,I2197,0/0/0,,,,,,,failed, ,0,0
SV244,M9202,I2458,0/0/0,,,,,,,failed, ,0,0
SV267,K5934,U2959,0/0/0,,,,,,,failed, ,0,0
SV271,M5584,W2995,0/0/0,,,,,,,failed, ,0,0
SV291,M8674,U1058,0/0/0,,,,,,,failed, ,0,0
SV317,K3586,Q2452,0/0/0,,,,,,,failed, ,0,0
SV327,M7970,D6969,0/0/0,,,,,,,failed, ,0,0
SV328,G5212,Q9617,0/0/0,,,,,,,failed, ,0,0
SV343,K9224,N4841,0/0/0,,,,,,,failed, ,0,0
SV365,S3050,Q2184,0/0/0,,,,,,,failed, ,0,0
SV365,U592,I179,0/0/0,,,,,,,failed, ,4.21429,4.70714
SV377,M6296,L4205,0/0/0,,,,,,,failed, ,0,0
SV406,G5494,I6776,0/0/0,,,,,,,failed, ,8.5,8.75694
SV447,M210,L9426,0/0/0,,,,,,,failed, ,0,0
SV454,M372,M5904,0/0/0,,,,,,,failed, ,0,0
SV465,S7854,U9557,0/0/0,,,,,,,failed, ,0,0
SV469,M2760,Q2963,0/0/0,,,,,,,failed, ,0,0
SV481,M7798,Y9696,0/0/0,,,,,,,failed, ,0,0
SV482,M9636,E591,0/0/0,,,,,,,failed, ,0,0
SV486,K6922,V7263,0/0/0,,,,,,,failed, ,0,0
SV499,S9456,W1987,0/0/0,,,,,,,failed, ,7.01613,7.66
SV513,S7510,L9812,0/0/0,,,,,,,failed, ,0,0
SV514,G2100,E1756,0/0/0,,,,,,,failed, ,0,0
SV546,K3616,U3529,0/0/0,,,,,,,failed, ,0,0
SV570,M4340,V2226,0/0/0,,,,,,,failed, ,0,0
SV585,U4722,W5353,0/0/0,,,,,,,failed, ,0,0
SV608,M14,L6665,0/0/0,,,,,,,failed, ,0,0
SV619,M8348,L5851,0/0/0,,,,,,,failed, ,0,0
SV623,K4210,V8513,0/0/0,,,,,,,failed, ,0,0
SV624,T5422,N4683,0/0/0,,,,,,,failed, ,0,0
SV637,K7642,V910,0/0/0,,,,,,,failed, ,0,0
SV641,S994,R4084,0/0/0,,,,,,,failed, ,0,0
SV644,M4340,V2226,0/0/0,,,,,,,failed, ,0,0
SV727,S4596,I5479,0/0/0,,,,,,,failed, ,5.64286,5.65672
SV738,M8078,U6773,0/0/0,,,,,,,failed, ,0,0
SV745,P5848,U7946,0/0/0,,,,,,,failed, ,0,0
SV747,T6592,E5211,0/0/0,,,,,,,failed, ,0,0
SV750,G5548,U1027,0/0/0,,,,,,,failed, ,0,0
SV765,T8216,U4130,0/0/0,,,,,,,failed, ,0,0
SV804,O4962,N2180,0/0/0,,,,,,,failed, ,0,0
SV805,S994,B1727,0/0/0,,,,,,,failed, ,0,0
SV822,M454,B4002,0/0/0,,,,,,,failed, ,0,0
SV833,A1050,W1259,0/0/0,,,,,,,failed, ,0,0
SV872,M6462,M5390,0/0/0,,,,,,,failed, ,0.916667,3.47727
SV896,S1914,V8758,0/0/0,,,,,,,failed, ,0,0
SV913,O2120,U8724,0/0/0,,,,,,,failed, ,0,0
SV923,L5316,L2427,0/0/0,,,,,,,failed, ,0,0
SV936,M1406,I2963,0/0/0,,,,,,,failed, ,0,0.181818
SV965,S4040,Q4690,0/0/0,,,,,,,failed, ,0,0
SV965,M6358,U7811,0/0/0,,,,,,,failed, ,0,0
SV991,M9258,I2041,0/0/0,,,,,,,failed, ,0,0
SV993,M9534,M6837,0/0/0,,,,,,,failed, ,0,0
SV1016,M210,U2004,0/0/0,,,,,,,failed, ,0,0
SV1034,T2606,E822,0/0/0,,,,,,,failed, ,0,0
SV1051,S994,V1190,0/0/0,,,,,,,failed, ,0,0
SV1056,T2672,U1018,0/0/0,,,,,,,failed, ,8.29032,8.36986
SV1057,K7200,U4925,0/0/0,,,,,,,failed, ,0,0
SV1057,O7506,U1268,0/0/0,,,,,,,failed, ,0,0
SV1069,M7970,D9344,0/0/0,,,,,,,failed, ,0,0
SV1080,M6238,V9527,0/0/0,,,,,,,failed, ,8.07143,8.2
SV1102,M3460,B6857,0/0/0,,,,,,,failed, ,0,0
SV1147,M368,U9462,0/0/0,,,,,,,failed, ,0,0
SV1155,C6170,O8752,0/0/0,,,,,,,failed, ,0,0
SV1156,T1530,V7173,0/0/0,,,,,,,failed, ,0,0
SV1179,M7868,U655,0/0/0,,,,,,,failed, ,0,0
SV1197,T38,C8240,0/0/0,,,,,,,failed, ,2.3,3.05932
SV1236,S3026,Q9183,0/0/0,,,,,,,failed, ,0,0
SV1253,M3172,Q8597,0/0/0,,,,,,,failed, ,6.5,6.5
SV1288,M4994,M3367,0/0/0,,,,,,,failed, ,0,0
SV1305,K2098,U5232,0/0/0,,,,,,,failed, ,0,0
SV1338,O638,V2698,0/0/0,,,,,,,failed, ,0,0
SV1343,G5826,I5468,0/0/0,,,,,,,failed, ,0,0
SV1359,M5860,U8914,0/0/0,,,,,,,failed, ,0,0
SV1365,O9584,U7865,0/0/0,,,,,,,failed, ,0,0
SV1367,O2036,E9466,0/0/0,,,,,,,failed, ,8.6,8.5
SV1367,O2036,E9466,1546793837/1684957527/1349744495,,,,,,,failed, ,7.25,7.87209
SV1382,O6006,C1224,0/0/0,,,,,,,failed, ,0,0
SV1391,M9694,L1483,0/0/0,,,,,,,failed, ,0,0
SV1401,M8142,U8087,0/0/0,,,,,,,failed, ,3,2.39394
SV1435,G1290,U5466,0/0/0,,,,,,,failed, ,4.5,6.27143
SV1552,K4222,M2829,0/0/0,,,,,,,failed, ,0,0
SV1560,G1994,O3211,0/0/0,,,,,,,failed, ,0,0
SV1566,G7148,U4725,0/0/0,,,,,,,failed, ,0,0
SV1585,G2932,W5822,0/0/0,,,,,,,failed, ,0,0
SV1611,M8142,N7418,0/0/0,,,,,,,failed, ,0,0
SV1611,M7438,I8596,0/0/0,,,,,,,failed, ,3.07143,4.70769
SV1628,G4820,N9191,0/0/0,,,,,,,failed, ,0,0
SV1648,M3932,Q3977,0/0/0,,,,,,,failed, ,0,0
SV1715,S5306,U6920,0/0/0,,,,,,,failed, ,0,0
SV1716,S994,I4022,0/0/0,,,,,,,failed, ,2.25,3.72917
SV1718,U9426,U4938,0/0/0,,,,,,,failed, ,7.35484,8.20667
SV1726,T7400,Q2308,0/0/0,,,,,,,failed, ,7.45161,7.99265
SV1731,M7970,U9435,0/0/0,,,,,,,failed, ,0,0
SV1770,A7232,O943,0/0/0,,,,,,,failed, ,7.16667,7.07843
SV1773,O7948,L7964,0/0/0,,,,,,,failed, ,8.03226,8.54795
SV1780,K4458,U6507,0/0/0,,,,,,,failed, ,0,0
SV1812,O808,L7150,0/0/0,,,,,,,failed, ,0,0
SV1821,M7906,U7623,0/0/0,,,,,,,failed, ,0,0
SV1824,M706,U2854,0/0/0,,,,,,,failed, ,0,0
SV1837,S6196,U4819,0/0/0,,,,,,,failed, ,7.25,7.03448
SV1852,K6204,U1017,0/0/0,,,,,,,failed, ,0,0
SV1862,S5766,N4855,0/0/0,,,,,,,failed, ,0,0
SV1894,K914,L9430,0/0/0,,,,,,,failed, ,5.25,6.7093
SV1929,B7840,I6332,0/0/0,,,,,,,failed, ,0,0
SV1932,A824,U320,0/0/0,,,,,,,failed, ,0,0
SV1939,S6724,U7496,0/0/0,,,,,,,failed, ,0,0
SV1941,M676,O1933,0/0/0,,,,,,,failed, ,0,0
SV1943,M6502,O6198,0/0/0,,,,,,,failed, ,0,0
SV1968,K5086,L3416,0/0/0,,,,,,,failed, ,8.53226,8.13571
SV1990,K3906,T1531,0/0/0,,,,,,,failed, ,0,0
SV2096,T6576,B8415,0/0/0,,,,,,,failed, ,1.875,2.57547
SV2109,C3750,Q1376,0/0/0,,,,,,,failed, ,0,0
SV2116,M9090,N5596,0/0/0,,,,,,,failed, ,0,0
SV2171,M334,O1380,0/0/0,,,,,,,failed, ,0,0
SV2216,M9090,R8910,0/0/0,,,,,,,failed, ,8.96774,8.47857
SV2219,K8660,I4207,0/0/0,,,,,,,failed, ,8.71429,8.90278
SV2237,G1130,L145,0/0/0,,,,,,,failed, ,0,0
SV2246,S7922,U4843,0/0/0,,,,,,,failed, ,7.75,7.95652
SV2263,T4728,E7164,0/0/0,,,,,,,failed, ,0,0
SV2274,G6254,I5984,0/0/0,,,,,,,failed, ,0,0
SV2284,S3062,M8601,0/0/0,,,,,,,failed, ,0,0
SV2353,G8760,I8589,0/0/0,,,,,,,failed, ,1.83333,3.31967
SV2357,K5564,O1461,0/0/0,,,,,,,failed, ,0,0
SV2364,K136,M3671,0/0/0,,,,,,,failed, ,7.1,6.44737
SV2428,O9214,O1202,0/0/0,,,,,,,failed, ,0,3.68182
SV2428,O9214,O1202,0/0/0,,,,,,,failed, ,0,0
SV2459,G4488,R1210,0/0/0,,,,,,,failed, ,0,0
SV2478,M2602,I9158,0/0/0,,,,,,,failed, ,0,0
SV2482,T6730,E635,0/0/0,,,,,,,failed, ,0,0
SV2523,U3120,M4963,0/0/0,,,,,,,failed, ,6,5.64516
SV2534,M5470,V4143,0/0/0,,,,,,,failed, ,8.13636,8.61539
SV2547,K7180,U7662,0/0/0,,,,,,,failed, ,0,0.947917
SV2568,S3880,O1956,0/0/0,,,,,,,failed, ,0,0
SV2568,U2662,C477,0/0/0,,,,,,,failed, ,0,0
SV2572,S6196,U1971,0/0/0,,,,,,,failed, ,9.01613,8.61644
SV2581,K4934,N5814,0/0/0,,,,,,,failed, ,0,0
SV2584,O822,T7153,0/0/0,,,,,,,failed, ,0,0
SV2615,O9012,M7909,0/0/0,,,,,,,failed, ,0,0
SV2624,S4196,L3030,0/0/0,,,,,,,failed, ,0,0
SV2654,G2522,U1291,0/0/0,,,,,,,failed, ,0,0
SV2677,S946,U1798,0/0/0,,,,,,,failed, ,6,6.42241
SV2678,J3754,V274,0/0/0,,,,,,,failed, ,0,0
SV2701,M7820,I739,0/0/0,,,,,,,failed, ,0,0
SV2703,O5942,O8644,0/0/0,,,,,,,failed, ,2.25,4.02273
SV2742,M4340,O3032,0/0/0,,,,,,,failed, ,0,0
SV2753,M1826,I8020,0/0/0,,,,,,,failed, ,0,0
SV2754,S4596,U4316,0/0/0,,,,,,,failed, ,5.5,6.09524
SV2791,O4664,L7037,0/0/0,,,,,,,failed, ,0,1.08333
SV2881,S5694,Z4648,0/0/0,,,,,,,failed, ,8,7.72321
SV2934,M7820,U9406,0/0/0,,,,,,,failed, ,0,0
SV2937,S7176,M9306,0/0/0,,,,,,,failed, ,0,0
SV2937,S9128,C4137,0/0/0,,,,,,,failed, ,4.5,7.125
SV2943,S1258,L9069,0/0/0,,,,,,,failed, ,0,0
SV2944,F2142,U8986,0/0/0,,,,,,,failed, ,3.5,4.9
SV2950,S394,V6605,0/0/0,,,,,,,failed, ,8.62903,8.69863
SV2953,G9718,U8875,0/0/0,,,,,,,failed, ,0,0
SV2953,G5408,I8663,0/0/0,,,,,,,failed, ,0,0
SV2958,S264,C9705,0/0/0,,,,,,,failed, ,7.25,7.98
SV3003,S4132,O6576,0/0/0,,,,,,,failed, ,8.92857,8.87143
SV3033,M7970,L1886,1970557728/1550805348/959524914,,,,,,,failed, ,8.71429,8.76923
SV3043,K7806,O498,0/0/0,,,,,,,failed, ,0,0
SV3055,S2394,D1556,0/0/0,,,,,,,failed, ,7.33333,6.75
SV3059,U5938,N2668,0/0/0,,,,,,,failed, ,0,0
SV3070,M9090,N5596,0/0/0,,,,,,,failed, ,0,0
SV3085,A4088,U4545,0/0/0,,,,,,,failed, ,0,0
SV3089,B272,I2993,0/0/0,,,,,,,failed, ,7.2,7
SV3089,B272,I2993,0/0/0,,,,,,,failed, ,9.04545,8.10638
SV3097,O6770,W884,0/0/0,,,,,,,failed, ,7.3,7.45312
SV3109,O5110,E6976,0/0/0,,,,,,,failed, ,0,0
SV3134,T2370,U4555,0/0/0,,,,,,,failed, ,0,0
SV3138,T1408,O5720,0/0/0,,,,,,,failed, ,0,0
SV3141,M706,N8700,0/0/0,,,,,,,failed, ,7.90323,7.56667
SV3145,M400,I7029,0/0/0,,,,,,,failed, ,1.25,1.61207
SV3166,M5470,L7056,0/0/0,,,,,,,failed, ,0,0
SV3206,K9548,I7631,0/0/0,,,,,,,failed, ,0,0
SV3232,O9912,I9691,0/0/0,,,,,,,failed, ,6.5,7.35938
SV3267,G6104,M1455,0/0/0,,,,,,,failed, ,2,0.575758
SV3315,M1074,N3884,0/0/0,,,,,,,failed, ,0,0
SV3357,S5698,L3722,0/0/0,,,,,,,failed, ,0,0
SV3391,O4816,R421,0/0/0,,,,,,,failed, ,2.57143,3.82456
SV3392,T8196,V6858,1550805348/959524914/1836008284,,,,,,,failed, ,8.62903,8.68
SV3429,M548,I5151,0/0/0,,,,,,,failed, ,0,0
SV3433,K578,C2544,0/0/0,,,,,,,failed, ,3.875,5.59483
SV3484,M454,L6119,0/0/0,,,,,,,failed, ,0,0
SV3520,O7264,U1135,0/0/0,,,,,,,failed, ,0,0
SV3545,U9718,M5577,0/0/0,,,,,,,failed, ,0,0
SV3565,B9518,R8346,0/0/0,,,,,,,failed, ,6.25,5.65686
SV3599,T5422,T2289,0/0/0,,,,,,,failed, ,0,0
SV3615,S6196,U8633,0/0/0,,,,,,,failed, ,0,0
SV3623,M5470,B7862,0/0/0,,,,,,,failed, ,0,0
SV3631,M9090,V1865,0/0/0,,,,,,,failed, ,0,0
SV3635,M676,U8894,0/0/0,,,,,,,failed, ,0,0
SV3636,B2964,E8607,0/0/0,,,,,,,failed, ,7.90323,8.53333
SV3653,S4878,M7090,0/0/0,,,,,,,failed, ,0,0
SV3671,T6398,V1596,0/0/0,,,,,,,failed, ,8.67742,8.77465
SV3675,G8456,O6555,0/0/0,,,,,,,failed, ,6.5,7.15278
SV3682,K6660,I8711,0/0/0,,,,,,,failed, ,8.36364,8.16667
SV3689,K4782,M4613,0/0/0,,,,,,,failed, ,0,0
SV3696,T1790,M1613,0/0/0,,,,,,,failed, ,0,0
SV3727,U4202,D6437,0/0/0,,,,,,,failed, ,0,0
SV3733,K2902,V6507,0/0/0,,,,,,,failed, ,0,0
SV3757,S2094,I5076,0/0/0,,,,,,,failed, ,0,0
SV3757,M7970,V5434,0/0/0,,,,,,,failed, ,0,0
SV3796,K9040,L1608,0/0/0,,,,,,,failed, ,0,0
SV3801,K5124,O7072,0/0/0,,,,,,,failed, ,0,0
SV3801,M7970,I5220,0/0/0,,,,,,,failed, ,0,0
SV3816,T8586,U4789,0/0/0,,,,,,,failed, ,0,0
SV3831,G9432,Q6034,0/0/0,,,,,,,failed, ,0,0
SV3921,G1130,T6838,0/0/0,,,,,,,failed, ,0,0
SV3934,C9362,T4259,0/0/0,,,,,,,failed, ,5.75,7.32143
SV3959,K6204,N1449,0/0/0,,,,,,,failed, ,0,0
SV4014,G1130,O7584,0/0/0,,,,,,,failed, ,0,0
SV4040,M9656,Q8191,0/0/0,,,,,,,failed, ,8,8.35333
SV4048,S1914,V8758,0/0/0,,,,,,,failed, ,0,0
SV4063,U40,B5147,0/0/0,,,,,,,failed, ,0,0
SV4072,O2634,V491,0/0/0,,,,,,,failed, ,0,0
SV4077,M4850,O3595,0/0/0,,,,,,,failed, ,0,0
SV4083,M6020,U7540,0/0/0,,,,,,,failed, ,7.71429,7.83333
SV4095,O9012,U1227,0/0/0,,,,,,,failed, ,0,0
SV4117,T4728,N711,0/0/0,,,,,,,failed, ,7.9,7.80357
SV4134,S1462,O8058,0/0/0,,,,,,,failed, ,7.32258,6.91912
SV4153,S2660,O1346,0/0/0,,,,,,,failed, ,0,0
SV4154,M9426,B943,0/0/0,,,,,,,failed, ,5.6,5.24444
SV4162,M538,W5135,0/0/0,,,,,,,failed, ,0,8
SV4207,C4048,W7227,0/0/0,,,,,,,failed, ,0,0
SV4211,M9110,B785,0/0/0,,,,,,,failed, ,0,0
SV4212,M3488,D1728,0/0/0,,,,,,,failed, ,0,2.45918
SV4224,K4818,W4260,0/0/0,,,,,,,failed, ,0,0
SV4265,S1910,I4237,0/0/0,,,,,,,failed, ,0,0
SV4373,M4852,O7244,0/0/0,,,,,,,failed, ,2.5,3.8
SV4392,O5340,E8588,0/0/0,,,,,,,failed, ,9.5,7.94444
SV4426,U9004,E6627,0/0/0,,,,,,,failed, ,0,0
SV4443,U4668,U2784,0/0/0,,,,,,,failed, ,8.33871,8.19333
SV4468,S1910,W4806,0/0/0,,,,,,,failed, ,0,0
SV4495,G6750,I930,0/0/0,,,,,,,failed, ,0,0.794118
SV4504,O3908,O3021,0/0/0,,,,,,,failed, ,6,6.9
SV4504,O3908,O3021,0/0/0,,,,,,,failed, ,3.14815,4.31034
SV4518,U212,I9983,0/0/0,,,,,,,failed, ,0,0
SV4522,T3204,L5923,0/0/0,,,,,,,failed, ,0,0
SV4524,K4782,W4031,0/0/0,,,,,,,failed, ,7.91935,7.70667
SV4529,M9090,M3976,0/0/0,,,,,,,failed, ,8.35714,8.59286
SV4530,K1806,U5925,0/0/0,,,,,,,failed, ,8.66667,8.61539
SV4569,U9718,V6267,0/0/0,,,,,,,failed, ,0,1.80303
SV4614,K3446,I6600,0/0/0,,,,,,,failed, ,0,0
SV4627,G7376,R2543,0/0/0,,,,,,,failed, ,0,0
SV4657,T9724,V3259,0/0/0,,,,,,,failed, ,0,0
SV4666,M9872,U1657,0/0/0,,,,,,,failed, ,1.375,2.53125
SV4680,S6220,M5180,0/0/0,,,,,,,failed, ,0,0
SV4680,G6578,L9221,0/0/0,,,,,,,failed, ,0,0
SV4690,K6818,E1857,0/0/0,,,,,,,failed, ,0,0
SV4704,M468,E5034,0/0/0,,,,,,,failed, ,8.07895,8.47458
SV4704,M468,E5034,0/0/0,,,,,,,failed, ,8.33333,8.4375
SV4706,O5648,I6005,0/0/0,,,,,,,failed, ,7.92857,8.10714
SV4725,O1122,Q4722,0/0/0,,,,,,,failed, ,0,0
SV4729,M9416,N9407,0/0/0,,,,,,,failed, ,0,0
SV4738,M9920,N3307,0/0/0,,,,,,,failed, ,0,0
SV4744,T352,M2246,0/0/0,,,,,,,failed, ,0,0
SV4778,M9870,O7262,0/0/0,,,,,,,failed, ,5.5,7.45
SV4784,S8214,U2395,0/0/0,,,,,,,failed, ,0,0
SV4807,S8502,M4969,0/0/0,,,,,,,failed, ,0,0
SV4810,S5108,I7431,0/0/0,,,,,,,failed, ,0,0
SV4837,M8142,U5453,0/0/0,,,,,,,failed, ,0,0
SV4861,M5282,W5063,0/0/0,,,,,,,failed, ,0,0
SV4865,K6740,U5873,0/0/0,,,,,,,failed, ,0,0
SV4896,M7968,I3013,0/0/0,,,,,,,failed, ,0,0
SV4912,T1344,O7267,0/0/0,,,,,,,failed, ,0,0
SV4926,O2514,V3577,0/0/0,,,,,,,failed, ,0,0
SV4935,M4994,I2232,0/0/0,,,,,,,failed, ,0,0
SV4978,K7144,M642,0/0/0,,,,,,,failed, ,0,0
SV4981,B9524,T5692,0/0/0,,,,,,,failed, ,0,0
SV5014,O7692,M4564,0/0/0,,,,,,,failed, ,0,0
SV5015,A8370,M1255,0/0/0,,,,,,,failed, ,0,0
SV5016,S1652,D3419,0/0/0,,,,,,,failed, ,0,0
SV5022,U4526,W7466,0/0/0,,,,,,,failed, ,0,0
SV5023,G4860,V3123,0/0/0,,,,,,,failed, ,0,0
SV5029,M2404,U3220,0/0/0,,,,,,,failed, ,0,0
SV5059,M8142,U3739,0/0/0,,,,,,,failed, ,0,0
SV5080,K6858,T1655,0/0/0,,,,,,,failed, ,0,0
SV5115,M4340,Q5651,0/0/0,,,,,,,failed, ,0,0
SV5119,M7534,U6282,0/0/0,,,,,,,failed, ,0,0
SV5122,M7752,V5965,0/0/0,,,,,,,failed, ,0,0
SV5124,M7976,U8004,0/0/0,,,,,,,failed, ,0,0
SV5133,T2778,I7618,0/0/0,,,,,,,failed, ,0,0
SV5172,U1832,L7941,0/0/0,,,,,,,failed, ,5,6.05
SV5191,M548,I2686,0/0/0,,,,,,,failed, ,0,0
SV5228,M9090,M263,0/0/0,,,,,,,failed, ,0,0
SV5255,G9530,D8772,0/0/0,,,,,,,failed, ,7.98387,8.34
SV5272,S742,D4718,0/0/0,,,,,,,failed, ,0,0
SV5281,S6478,I2974,0/0/0,,,,,,,failed, ,8.87097,8.56667
SV5332,M7970,V6030,0/0/0,,,,,,,failed, ,0,0
SV5366,U6082,U8063,0/0/0,,,,,,,failed, ,0,0
SV5381,O504,B7834,0/0/0,,,,,,,failed, ,0,0
SV5401,A2504,U4622,0/0/0,,,,,,,failed, ,0,0
SV5421,A2284,O2004,0/0/0,,,,,,,failed, ,8.5,8.5
SV5465,S1462,L5500,0/0/0,,,,,,,failed, ,0,0
SV5467,O8080,U422,0/0/0,,,,,,,failed, ,0,0.242424
SV5498,M8932,L6491,0/0/0,,,,,,,failed, ,0,0
SV5581,M400,U2934,0/0/0,,,,,,,failed, ,0,0
SV5595,M7758,L4936,0/0/0,,,,,,,failed, ,0,0
SV5617,S1664,M3054,0/0/0,,,,,,,failed, ,0,0
SV5649,U1576,I9997,0/0/0,,,,,,,failed, ,8.1,8.06757
SV5674,G6750,B7150,0/0/0,,,,,,,failed, ,0,0
SV5744,K3108,T9179,0/0/0,,,,,,,failed, ,0,0
SV5752,T394,N8544,0/0/0,,,,,,,failed, ,0,0
SV5766,S3494,U6769,0/0/0,,,,,,,failed, ,0,0
SV5779,S6144,U9397,0/0/0,,,,,,,failed, ,6.5,6.5
SV5823,T1542,U7096,0/0/0,,,,,,,failed, ,0,0
SV5837,T6422,V8267,0/0/0,,,,,,,failed, ,0,0
SV5855,G4076,L3095,0/0/0,,,,,,,failed, ,0,0
SV5881,M9228,M3017,0/0/0,,,,,,,failed, ,0,0
SV5907,C1708,Q2172,0/0/0,,,,,,,failed, ,0,0
SV5911,S2582,U1660,0/0/0,,,,,,,failed, ,0,0
SV5919,U6088,B8171,0/0/0,,,,,,,failed, ,0,0
SV5932,M9764,B9,0/0/0,,,,,,,failed, ,1.625,2.88889
SV5956,S3026,I2742,0/0/0,,,,,,,failed, ,0,0
SV5981,U4686,B1277,0/0/0,,,,,,,failed, ,0,0
SV6012,M9090,M263,0/0/0,,,,,,,failed, ,0,0
SV6024,K6288,O4211,0/0/0,,,,,,,failed, ,0,0
SV6074,K5284,M9712,0/0/0,,,,,,,failed, ,9.54545,9.29487
SV6079,S6196,C4023,0/0/0,,,,,,,failed, ,8.37097,8.07534
SV6081,T2924,W2369,0/0/0,,,,,,,failed, ,0,0
SV6086,O1936,I2197,0/0/0,,,,,,,failed, ,0,0
SV6092,K9564,V6190,0/0/0,,,,,,,failed, ,0,0
SV6149,O7824,U3442,0/0/0,,,,,,,failed, ,0,0
SV6153,M3488,O6254,0/0/0,,,,,,,failed, ,0,0
SV6185,G4860,I5955,0/0/0,,,,,,,failed, ,0,0
SV6212,K4934,O1788,0/0/0,,,,,,,failed, ,6.15789,5.31897
SV6232,M9090,E3167,977484654/1852397404/1937207140,,,,,,,failed, ,8.5,8.16429
SV6271,S3580,W4716,0/0/0,,,,,,,failed, ,0,0
SV6322,M2066,L2090,0/0/0,,,,,,,failed, ,0,0
SV6337,O4816,E9533,0/0/0,,,,,,,failed, ,8,7.58333
SV6371,S3122,I8973,0/0/0,,,,,,,failed, ,0,0
SV6383,S6918,M4329,0/0/0,,,,,,,failed, ,0,0
SV6384,K4934,O1977,0/0/0,,,,,,,failed, ,0,0
SV6393,O6740,B7304,0/0/0,,,,,,,failed, ,0,0
SV6398,M7060,V575,0/0/0,,,,,,,failed, ,0,9
SV6406,K6168,M4191,0/0/0,,,,,,,failed, ,9,8.91071
SV6406,K6168,M4191,0/0/0,,,,,,,failed, ,8.5,8.5
SV6418,S852,O2640,0/0/0,,,,,,,failed, ,0,0
SV6444,M5398,I556,0/0/0,,,,,,,failed, ,0,0
SV6466,M8288,O6709,0/0/0,,,,,,,failed, ,0,0
SV6503,M7948,U5940,0/0/0,,,,,,,failed, ,0,0
SV6512,M8844,I9305,0/0/0,,,,,,,failed, ,0,0
SV6550,M3488,T4369,0/0/0,,,,,,,failed, ,0,0
SV6562,K4782,B9973,0/0/0,,,,,,,failed, ,0,0
SV6566,M3708,L2727,0/0/0,,,,,,,failed, ,0,0
SV6620,S994,U9705,0/0/0,,,,,,,failed, ,0,0
SV6692,K3822,I3140,0/0/0,,,,,,,failed, ,0,0
SV6789,S5306,C2204,0/0/0,,,,,,,failed, ,0,0
SV6795,M706,E1126,0/0/0,,,,,,,failed, ,0,0
SV6797,T5210,U8979,0/0/0,,,,,,,failed, ,0.928571,1.84286
SV6832,U6174,I6268,0/0/0,,,,,,,failed, ,0,0
SV6833,G6100,O264,0/0/0,,,,,,,failed, ,0,0
SV6844,O7914,M4746,0/0/0,,,,,,,failed, ,0,0
SV6849,K2098,U1071,0/0/0,,,,,,,failed, ,0,0
SV6863,M2952,C6049,0/0/0,,,,,,,failed, ,9.21429,8.75
SV6871,S1114,I4321,0/0/0,,,,,,,failed, ,0,0
SV6879,G8044,I251,0/0/0,,,,,,,failed, ,0,0
SV6892,S830,M9933,0/0/0,,,,,,,failed, ,9.28571,9.05556
SV6895,B2964,U8985,0/0/0,,,,,,,failed, ,0,6.75
SV6931,K7924,M9680,0/0/0,,,,,,,failed, ,0,0
SV6934,S6196,U8717,0/0/0,,,,,,,failed, ,0,0
SV6937,C5718,E7280,0/0/0,,,,,,,failed, ,0,0
SV6945,T6164,O3749,0/0/0,,,,,,,failed, ,0,0
SV6956,O9396,Q5110,0/0/0,,,,,,,failed, ,0,0
SV6970,K3906,C1504,0/0/0,,,,,,,failed, ,0,0
SV6981,U4264,L6453,0/0/0,,,,,,,failed, ,7.91935,7.1831
SV6985,M4102,U8425,0/0/0,,,,,,,failed, ,0.947368,2.48039
SV6986,S4878,E8212,0/0/0,,,,,,,failed, ,8.43548,8.78667
SV7006,K3120,O8774,0/0/0,,,,,,,failed, ,7.75,7.13115
SV7019,G184,R31,0/0/0,,,,,,,failed, ,5.5,6.5
SV7040,G9718,O2806,0/0/0,,,,,,,failed, ,0,0
SV7061,S3026,T4138,0/0/0,,,,,,,failed, ,0,0
SV7082,M8432,O8726,0/0/0,,,,,,,failed, ,0,0
SV7087,K2098,R9062,0/0/0,,,,,,,failed, ,8.66129,8.82
SV7087,M7970,U134,0/0/0,,,,,,,failed, ,8.75,9.15385
SV7103,O2484,I4767,0/0/0,,,,,,,failed, ,0,0
SV7118,O4816,L5418,1970169159/1231384169/1818588270,,,,,,,failed, ,8.85714,8.83571
SV7124,S8970,I5112,0/0/0,,,,,,,failed, ,0,0
SV7136,S5150,Q3234,0/0/0,,,,,,,failed, ,0,0
SV7143,S6196,I9327,0/0/0,,,,,,,failed, ,0,0
SV7146,K5156,E1200,0/0/0,,,,,,,failed, ,4.35714,5.01538
SV7153,S3026,Q1899,0/0/0,,,,,,,failed, ,0,0
SV7171,M5568,U6072,0/0/0,,,,,,,failed, ,3.85484,5.82667
SV7186,S9842,V6329,1701603654/2015895667/1546204728,,,,,,,failed, ,8.78571,8.8125
SV7188,A9100,Q3031,0/0/0,,,,,,,failed, ,0,0
SV7237,S4878,U7974,0/0/0,,,,,,,failed, ,8.46774,8.60294
SV7328,M6230,E7915,0/0/0,,,,,,,failed, ,7.98387,8.43151
SV7329,T3930,M6720,0/0/0,,,,,,,failed, ,0,0
SV7331,S6478,U5376,0/0/0,,,,,,,failed, ,0,2.41667
SV7341,G4032,V6190,0/0/0,,,,,,,failed, ,0,0
SV7349,M6502,O6198,0/0/0,,,,,,,failed, ,0,0
SV7353,L6664,O4399,0/0/0,,,,,,,failed, ,0,0
SV7373,U638,U4586,0/0/0,,,,,,,failed, ,0,0
SV7383,M152,M2146,0/0/0,,,,,,,failed, ,6.91935,6.68382
SV7404,S5306,C2204,0/0/0,,,,,,,failed, ,5.125,6.42241
SV7414,M2838,U3358,0/0/0,,,,,,,failed, ,6.33333,7.08824
SV7422,S1258,U4812,0/0/0,,,,,,,failed, ,0.125,1.03774
SV7435,M9202,I1200,0/0/0,,,,,,,failed, ,6.5,7.32812
SV7452,A6904,D1436,0/0/0,,,,,,,failed, ,0,0
SV7470,K4934,M3185,0/0/0,,,,,,,failed, ,0,0
SV7471,K8660,R4269,0/0/0,,,,,,,failed, ,0,0
SV7477,M210,L9426,1869900659/1768053872/977484654,,,,,,,failed, ,8.4,8.25641
SV7520,K780,B2972,0/0/0,,,,,,,failed, ,0,0
SV7556,S1462,Q7742,0/0/0,,,,,,,failed, ,0,0
SV7559,M2446,B3805,0/0/0,,,,,,,failed, ,7.51613,7.64667
SV7604,M454,L6119,0/0/0,,,,,,,failed, ,0,0
SV7634,M1296,C5221,0/0/0,,,,,,,failed, ,6,6.92857
SV7639,M1422,V2119,0/0/0,,,,,,,failed, ,0,0
SV7667,T5152,T5802,0/0/0,,,,,,,failed, ,4.5,5.22222
SV7676,B3506,T7683,0/0/0,,,,,,,failed, ,0,0
SV7688,U1906,U9026,0/0/0,,,,,,,failed, ,0,0
SV7698,T4712,B3835,0/0/0,,,,,,,failed, ,8.24194,7.91026
SV7705,M8968,E5257,0/0/0,,,,,,,failed, ,2.5,3.16667
SV7754,O9066,E1448,0/0/0,,,,,,,failed, ,0,0
SV7775,K4222,Q1171,0/0/0,,,,,,,failed, ,0,0
SV7900,M1408,U234,0/0/0,,,,,,,failed, ,0,0
SV7911,M6358,Q2239,0/0/0,,,,,,,failed, ,0,0
SV7932,M4984,U499,0/0/0,,,,,,,failed, ,0,0
SV7958,U7510,U5099,0/0/0,,,,,,,failed, ,0,0
SV8005,U4202,O1611,0/0/0,,,,,,,failed, ,0,0
SV8009,S690,U4218,0/0/0,,,,,,,failed, ,0,0
SV8027,J820,M6199,0/0/0,,,,,,,failed, ,0,0
SV8034,S994,I4022,0/0/0,,,,,,,failed, ,7.2,7.03125
SV8063,M676,U5360,0/0/0,,,,,,,failed, ,0,0
SV8105,T9560,O8459,0/0/0,,,,,,,failed, ,0,0
SV8120,T3538,C4563,0/0/0,,,,,,,failed, ,0,0
SV8150,S9902,Q7621,0/0/0,,,,,,,failed, ,0,0
SV8155,M5804,M4972,0/0/0,,,,,,,failed, ,0,0
SV8156,T3070,Q3546,0/0/0,,,,,,,failed, ,3.71429,4.5
SV8171,S7260,M9348,0/0/0,,,,,,,failed, ,1.5,0.545455
SV8173,M3488,Q7403,0/0/0,,,,,,,failed, ,0,0
SV8187,M30,U7152,0/0/0,,,,,,,failed, ,0,0
SV8189,M706,L2578,0/0/0,,,,,,,failed, ,6.41667,6.95968
SV8204,U7956,R8863,0/0/0,,,,,,,failed, ,0,0
SV8285,T2376,R1127,0/0/0,,,,,,,failed, ,0,0
SV8293,O4410,U8189,0/0/0,,,,,,,failed, ,0,0
SV8300,S702,I1009,0/0/0,,,,,,,failed, ,0,0
SV8304,O5490,U3305,0/0/0,,,,,,,failed, ,0,0
SV8328,O1248,V5680,0/0/0,,,,,,,failed, ,0,0
SV8372,M8732,I7778,0/0/0,,,,,,,failed, ,5,6.8
SV8380,K8066,U7522,0/0/0,,,,,,,failed, ,0,0
SV8404,S4196,U5013,0/0/0,,,,,,,failed, ,0,0
SV8426,G5696,U3073,0/0/0,,,,,,,failed, ,8,8.17308
SV8427,M400,T9778,0/0/0,,,,,,,failed, ,2,2.02778
SV8434,K9180,O5657,0/0/0,,,,,,,failed, ,0,0
SV8434,M454,I3597,0/0/0,,,,,,,failed, ,0,0
SV8443,O3824,I5093,0/0/0,,,,,,,failed, ,7.8,7
SV8452,T3510,U2822,0/0/0,,,,,,,failed, ,0,0
SV8467,S5082,M4611,0/0/0,,,,,,,failed, ,0,0
SV8499,G5214,L6170,0/0/0,,,,,,,failed, ,0,0
SV8506,A4890,U6712,0/0/0,,,,,,,failed, ,0,0
SV8519,U5938,N2454,0/0/0,,,,,,,failed, ,8.09677,8.47183
SV8521,S3728,U880,0/0/0,,,,,,,failed, ,0,0
SV8559,T4974,I1696,0/0/0,,,,,,,failed, ,0,0
SV8698,M7906,E4726,0/0/0,,,,,,,failed, ,0,0
SV8709,G5384,M7560,0/0/0,,,,,,,failed, ,0,0
SV8737,O6268,V8231,0/0/0,,,,,,,failed, ,0,0
SV8763,U6082,N2740,0/0/0,,,,,,,failed, ,0,0
SV8779,M4994,U2405,0/0/0,,,,,,,failed, ,0,0
SV8786,M5852,L8599,0/0/0,,,,,,,failed, ,0,0
SV8788,K7928,D5131,0/0/0,,,,,,,failed, ,0.5,2.31818
SV8833,T4180,U2893,0/0/0,,,,,,,failed, ,6.83333,6.63158
SV8838,S4322,D5145,0/0/0,,,,,,,failed, ,0,0
SV8875,G8900,U80,0/0/0,,,,,,,failed, ,0,0
SV8884,M2676,U6360,0/0/0,,,,,,,failed, ,0,0
SV8931,M548,C9847,0/0/0,,,,,,,failed, ,0,0
SV8942,S2006,U615,0/0/0,,,,,,,failed, ,8,6.38889
SV8955,O7824,U2582,0/0/0,,,,,,,failed, ,6.5,6.95
SV8956,M9090,O1759,0/0/0,,,,,,,failed, ,0,0
SV8962,G9194,N7944,0/0/0,,,,,,,failed, ,0,0
SV8964,A1050,C8746,0/0/0,,,,,,,failed, ,0,0
SV8968,M4688,B4926,0/0/0,,,,,,,failed, ,0,0
SV8971,S4546,M4495,0/0/0,,,,,,,failed, ,8.35714,7.69403
SV8971,S4546,M4495,0/0/0,,,,,,,failed, ,0,6
SV8972,O8132,E1191,0/0/0,,,,,,,failed, ,0,0
SV8996,K1860,U3246,0/0/0,,,,,,,failed, ,8.14286,8.45139
SV9003,S5306,U3688,0/0/0,,,,,,,failed, ,0,0
SV9007,C846,M7615,0/0/0,,,,,,,failed, ,0,0.181818
SV9080,S3856,O7790,0/0/0,,,,,,,failed, ,0,0
SV9096,T9610,U6823,0/0/0,,,,,,,failed, ,2.57143,3.90714
SV9142,M8674,U2119,0/0/0,,,,,,,failed, ,0,0
SV9186,S5108,O3416,0/0/0,,,,,,,failed, ,0,0
SV9204,M7150,M645,0/0/0,,,,,,,failed, ,0,0
SV9212,S4208,V3162,0/0/0,,,,,,,failed, ,0,0
SV9249,M7060,O6499,0/0/0,,,,,,,failed, ,0,0
SV9255,O9802,I3082,0/0/0,,,,,,,failed, ,0,0
SV9309,G4100,U6233,0/0/0,,,,,,,failed, ,0,6.5
SV9316,M7970,L2587,0/0/0,,,,,,,failed, ,0,0
SV9318,T2924,W2369,0/0/0,,,,,,,failed, ,0,0
SV9365,K6714,V6967,0/0/0,,,,,,,failed, ,0,1.58333
SV9387,G5548,L784,0/0/0,,,,,,,failed, ,0,0
SV9407,K5698,R1815,0/0/0,,,,,,,failed, ,0,0
SV9423,M368,U7,0/0/0,,,,,,,failed, ,0,0
SV9424,K8900,B7032,0/0/0,,,,,,,failed, ,0,0
SV9436,K3006,E2276,0/0/0,,,,,,,failed, ,0,0
SV9477,K3200,E3725,0/0/0,,,,,,,failed, ,0,0
SV9492,M4340,V2226,0/0/0,,,,,,,failed, ,0,0
SV9501,K6976,E6936,0/0/0,,,,,,,failed, ,0,0
SV9536,K3296,I7275,0/0/0,,,,,,,failed, ,0,0
SV9573,K4552,U8158,0/0/0,,,,,,,failed, ,0,0
SV9599,K6136,O3311,0/0/0,,,,,,,failed, ,0,0
SV9604,K6660,L1893,0/0/0,,,,,,,failed, ,0,0
SV9618,K2358,M3036,0/0/0,,,,,,,failed, ,0,0
SV9618,M7976,T4918,0/0/0,,,,,,,failed, ,8.46774,8.63699
SV9651,K4934,Q3126,0/0/0,,,,,,,failed, ,0,0
SV9673,S9240,Q1417,0/0/0,,,,,,,failed, ,0,0
SV9709,G4834,D1424,0/0/0,,,,,,,failed, ,2.07143,4.79861
SV9710,M7970,R8924,0/0/0,,,,,,,failed, ,0,0
SV9735,M3188,U7090,0/0/0,,,,,,,failed, ,8.67742,8.8
SV9769,S4878,I8668,0/0/0,,,,,,,failed, ,7.66129,7.85333
SV9795,M9778,W3740,0/0/0,,,,,,,failed, ,0,0
SV9809,K3906,I8782,0/0/0,,,,,,,failed, ,0,0
SV9830,S7404,R1431,0/0/0,,,,,,,failed, ,0,0
SV9838,S5266,U9572,0/0/0,,,,,,,failed, ,0,0
SV9859,M7820,Q3870,0/0/0,,,,,,,failed, ,0,0
SV9910,M5526,W3262,0/0/0,,,,,,,failed, ,0,0
SV9935,O998,B8081,0/0/0,,,,,,,failed, ,0,0
SV9951,S9258,B5859,0/0/0,,,,,,,failed, ,0,0
SV9965,M3400,U876,0/0/0,,,,,,,failed, ,0,0
SV9969,G8164,B1664,0/0/0,,,,,,,failed, ,0,0
SV9992,M3868,L536,0/0/0,,,,,,,failed, ,0,0
